{
    "format_version": "1.20.0",
    "minecraft:entity": {
        "description": {
            "identifier": "tomb:tomb_container",
            "is_spawnable": false,
            "is_summonable": true,
            "is_experimental": false
        },
        "component_groups": {
            "despawn": {
                "minecraft:instant_despawn": {}
            },
            "instant_despawn": {
                "minecraft:transformation": {
                    "drop_inventory": true,
                    "into": "tomb:tomb_container<tomb:despawn>"
                }
            }
        },
        "components": {
            "minecraft:persistent": {},
            "minecraft:fire_immune": true,
            "minecraft:collision_box": {
                "width": 0.001,
                "height": 0.6
            },
            "minecraft:inventory": {
                "container_type": "inventory",
                "inventory_size": 54,
                "private": false,
                "restrict_to_owner": true
            },
            "minecraft:nameable": {
                "allow_name_tag_renaming": false,
                "always_show": true
            },
            "minecraft:health": {
                "value": 1,
                "max": 1,
                "min": 1
            },
            "minecraft:knockback_resistance": {
                "value": 1
            },
            "minecraft:block_sensor": {
                "sensor_radius": 1,
                "on_break": [
                    {
                        "block_list": [
                            "tomb:tomb_1",
                            "tomb:tomb_2",
                            "tomb:tomb_3",
                            "tomb:tomb_4",
                            "tomb:tomb_5"
                        ],
                        "on_block_broken": "tomb:instant_despawn"
                    }
                ]
            },
            "minecraft:damage_sensor": {
                "triggers": {
                    "cause": "all",
                    "deals_damage": false
                }
            },
            "minecraft:pushable": {
                "is_pushable": false,
                "is_pushable_by_piston": true
            },
            "minecraft:physics": {
                "has_collision": false,
                "has_gravity": false
            }
        },
        "events": {
            "tomb:instant_despawn": {
                "add": {
                    "component_groups": ["instant_despawn"]
                }
            },
            "tomb:despawn": {
                "add": {
                    "component_groups": ["despawn"]
                }
            }
        }
    }
}
