{
  "format_version": "1.12",
  "minecraft:recipe_shaped": {
    "description": {
      "identifier": "venezuela:etiqueta"
    },
    "groups": [
      "venezuela"
    ],
    "tags": [
      "crafting_table"
    ],
    "pattern": [
      "  2",
      " 4 ",
      "6  "
    ],
    "key": {
      "2": {
        "item": "minecraft:string"
      },
      "4": {
        "item": "minecraft:paper"
      },
      "6": {
        "item": "minecraft:paper"
      }
    },
    "result": {
      "item": "minecraft:name_tag",
      "count": 1
    }
  }
}