{
  "minecraft:recipe_shaped" : {
    "result" : {
      "count" : 1,
      "data" : 0,
      "item" : "npc:girl2_spawn_egg"
    },
    "tags" : [
      "crafting_table"
    ],
    "key" : {
      "A" : {
        "item" : "appleplus:masa_de_experiencia"
      },
      "B" : {
        "item" : "minecraft:stick"
      }
    },
    "pattern" : [
      " A ",
      " B ",
      " B "
    ],
    "description" : {
      "identifier" : "npc:girl2_spawn_egg"
    }
  },
  "format_version" : "1.10"
}