{
    "format_version": "1.16.0",
    "minecraft:entity": {
		"description": {
			"identifier": "wedit:biome_detector",
			"is_summonable": true,
			"is_spawnable": false,
			"is_experimental": false,

            "animations": {
                "biome": "controller.animation.biome"
            },
            "scripts": {
                "animate": [
                    "biome"
                ]
            }
		},
		"component_groups": {
			"wedit:despawned": {
				"minecraft:instant_despawn": {}
			}
		},
		"components": {
			"minecraft:persistent": {},
			"minecraft:physics": {
				"has_collision": false,
				"has_gravity": false
			},
			"minecraft:custom_hit_test": {
				"hitboxes": [
					{
						"pivot": [
							0,
							100,
							0
						],
						"width": 0,
						"height": 0
					}
				]
			},
			"minecraft:damage_sensor": {
				"triggers": {
					"deals_damage": false
				}
			},
			"minecraft:collision_box": {
				"width": 0.0001,
				"height": 0.0001
			},
			"minecraft:health": {
				"value": 1,
				"max": 1,
				"min": 1
			}
		},
		"events": {
			"wedit:despawn": {
				"add": {
					"component_groups": [
						"wedit:despawned"
					]
				}
			},
			"wedit:biome_update": {}
		}
	}
}