{
	"pools": [
		{
			"rolls": 9,
			"entries": [
				{
					"type": "item",
					"name": "minecraft:gold_ingot",
					"weight": 1,
					"functions": [
						{
							"function": "set_count",
							"count": {
								"min": 32,
								"max": 64
							}
						}
					]
				},
				{
					"type": "item",
					"name": "minecraft:gold_nugget",
					"weight": 1,
					"functions": [
						{
							"function": "set_count",
							"count": {
								"min": 48,
								"max": 64
							}
						}
					]
				}
			]
		}
	]
}