{
	"pools": [
		{
			"rolls": 2,
			"entries": [
				{
					"type": "item",
					"name": "minecraft:appleenchanted",
					"weight": 1,
					"functions": [
						{
							"function": "set_count",
							"count": {
								"min": 1,
								"max": 3
							}
						}
					]
				},
				{
					"type": "item",
					"name": "appleplus:bolsa_moneda",
					"weight": 5,
					"functions": [
						{
							"function": "set_count",
							"count": {
								"min": 2,
								"max": 4
							}
						}
					]
				},
				{
					"type": "item",
					"name": "minecraft:golden_apple",
					"weight": 2,
					"functions": [
						{
							"function": "set_count",
							"count": {
								"min": 3,
								"max": 6
							}
						}
					]
				},
			{
					"type": "item",
					"name": "minecraft:golden_carrot",
					"weight": 2,
					"functions": [
						{
							"function": "set_count",
							"count": {
								"min": 48,
								"max": 64
							}
						}
					]
				},
				{
					"type": "item",
					"name": "minecraft:ender_pearl",
					"weight": 1,
					"functions": [
						{
							"function": "set_count",
							"count": {
								"min": 1,
								"max": 16
							}
						}
					]
				},
				{
					"type": "item",
					"name": "minecraft:ender_eye",
					"weight": 1,
					"functions": [
						{
							"function": "set_count",
							"count": {
								"min": 16,
								"max": 19
							}
						}
					]
				},
				{
					"type": "item",
					"name": "minecraft:record_11",
					"weight": 1,
					"functions": [
						{
							"function": "set_count",
							"count": 1
						}
					]
				},
				{
					"type": "item",
					"name": "minecraft:record_13",
					"weight": 1,
					"functions": [
						{
							"function": "set_count",
							"count": 1
						}
					]
				},
				{
					"type": "item",
					"name": "minecraft:record_blocks",
					"weight": 1,
					"functions": [
						{
							"function": "set_count",
							"count": 1
						}
					]
				},
				{
					"type": "item",
					"name": "minecraft:record_cat",
					"weight": 1,
					"functions": [
						{
							"function": "set_count",
							"count": 1
						}
					]
				},
				{
					"type": "item",
					"name": "minecraft:record_chirp",
					"weight": 1,
					"functions": [
						{
							"function": "set_count",
							"count": 1
						}
					]
				},
				{
					"type": "item",
					"name": "minecraft:record_far",
					"weight": 1,
					"functions": [
						{
							"function": "set_count",
							"count": 1
						}
					]
				},
				{
					"type": "item",
					"name": "minecraft:record_mall",
					"weight": 1,
					"functions": [
						{
							"function": "set_count",
							"count": 1
						}
					]
				},
				{
					"type": "item",
					"name": "minecraft:record_mellohi",
					"weight": 1,
					"functions": [
						{
							"function": "set_count",
							"count": 1
						}
					]
				},
				{
					"type": "item",
					"name": "minecraft:record_stal",
					"weight": 1,
					"functions": [
						{
							"function": "set_count",
							"count": 1
						}
					]
				},
				{
					"type": "item",
					"name": "minecraft:record_strad",
					"weight": 1,
					"functions": [
						{
							"function": "set_count",
							"count": 1
						}
					]
				},
				{
					"type": "item",
					"name": "minecraft:record_wait",
					"weight": 1,
					"functions": [
						{
							"function": "set_count",
							"count": 1
						}
					]
				},
				{
					"type": "item",
					"name": "minecraft:record_ward",
					"weight": 1,
					"functions": [
						{
							"function": "set_count",
							"count": 1
						}
					]
				},
				{
					"type": "item",
					"name": "minecraft:totem",
					"weight": 1,
					"functions": [
						{
							"function": "set_count",
							"count": 1
						}
					]
				},
				{
					"type": "item",
					"name": "appleplus:masa_de_experiencia",
					"weight": 5,
					"functions": [
						{
							"function": "set_count",
							"count": {
								"min": 1,
								"max": 5
							}
						}
					]
				},
				{
					"type": "item",
					"name": "appleplus:pila_moneda",
					"weight": 10,
					"functions": [
						{
							"function": "set_count",
							"count": {
								"min": 1,
								"max": 5
							}
						}
					]
				},
				{
					"type": "item",
					"name": "minecraft:diamond_boots",
					"weight": 10,
					"functions": [
						{
							"function": "set_count",
							"count": 1
						},
						{
							"function": "set_damage",
							"damage": {
								"min": 215,
								"max": 215
							}
						}
					]
				},
				{
					"type": "item",
					"name": "minecraft:diamond_chestplate",
					"weight": 10,
					"functions": [
						{
							"function": "set_count",
							"count": 1
						},
						{
							"function": "set_damage",
							"damage": {
								"min": 264,
								"max": 264
							}
						}
					]
				},
				{
					"type": "item",
					"name": "minecraft:diamond_helmet",
					"weight": 10,
					"functions": [
						{
							"function": "set_count",
							"count": 1
						},
						{
							"function": "set_damage",
							"damage": {
								"min": 182,
								"max": 182
							}
						}
					]
				},
				{
					"type": "item",
					"name": "minecraft:diamond_leggings",
					"weight": 10,
					"functions": [
						{
							"function": "set_count",
							"count": 1
						},
						{
							"function": "set_damage",
							"damage": {
								"min": 248,
								"max": 248
							}
						}
					]
				},
				{
					"type": "item",
					"name": "minecraft:diamond_sword",
					"weight": 10,
					"functions": [
						{
							"function": "set_count",
							"count": 1
						},
						{
							"function": "set_damage",
							"damage": {
								"min": 780,
								"max": 780
							}
						}
					]
				},
				{
					"type": "item",
					"name": "minecraft:diamond_pickaxe",
					"weight": 10,
					"functions": [
						{
							"function": "set_count",
							"count": 1
						},
						{
							"function": "set_damage",
							"damage": {
								"min": 780,
								"max": 780
							}
						}
					]
				},
				{
					"type": "item",
					"name": "minecraft:diamond_shovel",
					"weight": 10,
					"functions": [
						{
							"function": "set_count",
							"count": 1
						},
						{
							"function": "set_damage",
							"damage": {
								"min": 780,
								"max": 780
							}
						}
					]
				},
				{
					"type": "item",
					"name": "minecraft:diamond_axe",
					"weight": 10,
					"functions": [
						{
							"function": "set_count",
							"count": 1
						},
						{
							"function": "set_damage",
							"damage": {
								"min": 780,
								"max": 780
							}
						}
					]
				},
				{
					"type": "item",
					"name": "minecraft:diamond_hoe",
					"weight": 10,
					"functions": [
						{
							"function": "set_count",
							"count": 1
						},
						{
							"function": "set_damage",
							"damage": {
								"min": 780,
								"max": 780
							}
						}
					]
				},
				{
					"type": "item",
					"name": "minecraft:horsearmordiamond",
					"weight": 10,
					"functions": [
						{
							"function": "set_count",
							"count": 1
						}
					]
				},
				{
					"type": "item",
					"name": "minecraft:diamond_boots",
					"weight": 10,
					"functions": [
						{
							"function": "set_count",
							"count": 1
						},
						{
							"function": "enchant_with_levels",
							"treasure": true,
							"levels": {
								"min": 20,
								"max": 39
							}
						},
						{
							"function": "set_damage",
							"damage": {
								"min": 215,
								"max": 215
							}
						}
					]
				},
				{
					"type": "item",
					"name": "minecraft:diamond_chestplate",
					"weight": 10,
					"functions": [
						{
							"function": "set_count",
							"count": 1
						},
						{
							"function": "enchant_with_levels",
							"treasure": true,
							"levels": {
								"min": 20,
								"max": 39
							}
						},
						{
							"function": "set_damage",
							"damage": {
								"min": 264,
								"max": 264
							}
						}
					]
				},
				{
					"type": "item",
					"name": "minecraft:diamond_helmet",
					"weight": 10,
					"functions": [
						{
							"function": "set_count",
							"count": 1
						},
						{
							"function": "enchant_with_levels",
							"treasure": true,
							"levels": {
								"min": 20,
								"max": 39
							}
						},
						{
							"function": "set_damage",
							"damage": {
								"min": 182,
								"max": 182
							}
						}
					]
				},
				{
					"type": "item",
					"name": "minecraft:diamond_leggings",
					"weight": 10,
					"functions": [
						{
							"function": "set_count",
							"count": 1
						},
						{
							"function": "enchant_with_levels",
							"treasure": true,
							"levels": {
								"min": 20,
								"max": 39
							}
						},
						{
							"function": "set_damage",
							"damage": {
								"min": 248,
								"max": 248
							}
						}
					]
				},
				{
					"type": "item",
					"name": "minecraft:diamond_sword",
					"weight": 10,
					"functions": [
						{
							"function": "set_count",
							"count": 1
						},
						{
							"function": "enchant_with_levels",
							"treasure": true,
							"levels": {
								"min": 20,
								"max": 39
							}
						},
						{
							"function": "set_damage",
							"damage": {
								"min": 780,
								"max": 780
							}
						}
					]
				},
				{
					"type": "item",
					"name": "minecraft:diamond_pickaxe",
					"weight": 10,
					"functions": [
						{
							"function": "set_count",
							"count": 1
						},
						{
							"function": "enchant_with_levels",
							"treasure": true,
							"levels": {
								"min": 20,
								"max": 39
							}
						},
						{
							"function": "set_damage",
							"damage": {
								"min": 780,
								"max": 780
							}
						}
					]
				},
				{
					"type": "item",
					"name": "minecraft:diamond_shovel",
					"weight": 10,
					"functions": [
						{
							"function": "set_count",
							"count": 1
						},
						{
							"function": "enchant_with_levels",
							"treasure": true,
							"levels": {
								"min": 20,
								"max": 39
							}
						},
						{
							"function": "set_damage",
							"damage": {
								"min": 780,
								"max": 780
							}
						}
					]
				},
				{
					"type": "item",
					"name": "minecraft:diamond_axe",
					"weight": 10,
					"functions": [
						{
							"function": "set_count",
							"count": 1
						},
						{
							"function": "enchant_with_levels",
							"treasure": true,
							"levels": {
								"min": 20,
								"max": 39
							}
						},
						{
							"function": "set_damage",
							"damage": {
								"min": 780,
								"max": 780
							}
						}
					]
				},
				{
					"type": "item",
					"name": "minecraft:trident",
					"weight": 2,
					"functions": [
						{
							"function": "set_count",
							"count": 1
						}
					]
				},
				{
					"type": "item",
					"name": "minecraft:turtle_helmet",
					"weight": 1,
					"functions": [
						{
							"function": "set_count",
							"count": 1
						}
					]
				},
				{
					"type": "item",
					"name": "minecraft:heart_of_the_sea",
					"weight": 1,
					"functions": [
						{
							"function": "set_count",
							"count": {
								"min": 1,
								"max": 3
							}
						}
					]
				},
				{
					"type": "item",
					"name": "minecraft:nautilus_shell",
					"weight": 2,
					"functions": [
						{
							"function": "set_count",
							"count": {
								"min": 1,
								"max": 8
							}
						}
					]
				}
			]
		}
	]
}