{
    "format_version": "1.17",
    "minecraft:npc_dialogue": {
        "scenes": [{
            "scene_tag": "inicial",
            "npc_name": "Lola",
            "text": "¡Hola!\n\n¿En qué puedo ayudarte?",
            "on_open_commands": [
                "/scoreboard objectives add UsosNPC dummy",
                "/scoreboard players add @initiator UsosNPC 1",
                "/scoreboard objectives add TotalXP dummy",
                "/scoreboard players add @initiator TotalXP 0",
                "/scoreboard objectives add PagarXP dummy"
            ],
            "on_close_commands": [""],
            "buttons": [{
                "name": "Viajar",
                "commands": ["/dialogue open @e[type=npc,r=7] @initiator viajar"]
            }, {
                "name": "Experiencia",
                "commands": ["/dialogue open @e[type=npc,r=7] @initiator comerciar_experiencia"]
            }, {
                "name": "Encantamientos",
                "commands": ["/dialogue open @e[type=npc,r=7] @initiator encantamientos"]
            }]
        }, {
            "scene_tag": "comerciar_experiencia",
            "npc_name": "Lola",
            "text": "Puedes guardar 15 niveles experiencia en una  Masa de experiencia con el botón §lGuardar experiencia§r o usando el comando §l!xp §r en cualquier lugar.\n\nPuedes convertir una  Masa de experiencia en 15 niveles de experiencia con el botón §lCargar experiencia§r o haciendo clic derecho en el aire con la masa en mano.",
            "on_open_commands": ["/scoreboard players set @initiator PagarXP 0","/execute @initiator[lm=15] ~ ~ ~ scoreboard players set @s PagarXP 1", "scoreboard objectives add TieneMasa dummy"],
            "on_close_commands": [""],
            "buttons": [{
                "name": "Guardar experiencia",
                "commands": [
                    "/execute @initiator[scores={PagarXP=0}] ~ ~ ~ playsound random.break @s",
                    "/execute @initiator[scores={PagarXP=0}] ~ ~ ~ dialogue open @e[type=npc,r=7] @s masa_negada",
                    "/execute @initiator[scores={PagarXP=1}] ~ ~ ~ give @s appleplus:masa_de_experiencia 1",
                    "/execute @initiator[scores={PagarXP=1}] ~ ~ ~ playsound random.levelup @s",
                    "/execute @initiator[scores={PagarXP=1}] ~ ~ ~ xp -15l @s",
                    "/execute @initiator[scores={PagarXP=1}] ~ ~ ~ dialogue open @e[type=npc,r=7] @s masa_recibida"
                ]
            }, {
                "name": "Cargar experiencia",
                "commands": [
                    "/execute @initiator[scores={TieneMasa=0}] ~ ~ ~ playsound random.break @s",
                    "/execute @initiator[scores={TieneMasa=0}] ~ ~ ~ dialogue open @e[type=npc,r=7] @s xp_negada",
                    "/execute @initiator[scores={TieneMasa=1}] ~ ~ ~ clear @s appleplus:masa_de_experiencia 0 1",
                    "/execute @initiator[scores={TieneMasa=1}] ~ ~ ~ playsound random.levelup @s",
                    "/execute @initiator[scores={TieneMasa=1}] ~ ~ ~ xp 15l @s",
                    "/execute @initiator[scores={TieneMasa=1}] ~ ~ ~ dialogue open @e[type=npc,r=7] @s xp_recibida"
                ]
            }, {
                "name": "§4< Volver",
                "commands": ["/dialogue open @e[type=npc,r=7] @initiator inicial"]
            }]
        }, {
            "scene_tag": "encantamientos",
            "npc_name": "Lola",
            "text": "Golpea a  Noé con el objeto que quieras encantar en tu mano. Abrirás la interfaz de encantamientos con la que podrás encantar ese objeto si tienes los niveles requeridos y si este objeto es compatible.",
            "on_open_commands": [""],
            "on_close_commands": [""],
            "buttons": [{
                "name": "§4< Volver",
                "commands": ["/dialogue open @e[type=npc,r=7] @initiator inicial"]
            }]
        }, {
            "scene_tag": "masa_recibida",
            "npc_name": "Lola",
            "text": "§l§2¡Has recibido una Masa de experiencia!\n\n§rGuárdala en un lugar seguro.",
            "on_open_commands": ["/scoreboard players add @initiator TotalXP 1"],
            "on_close_commands": [""],
            "buttons": [{
                "name": "Cerrar",
                "commands": ["*"]
            }, {
                "name": "§4< Volver",
                "commands": ["/dialogue open @e[type=npc,r=7] @initiator comerciar_experiencia"]
            }]
        }, {
            "scene_tag": "masa_negada",
            "npc_name": "Lola",
            "text": "§l§4No tienes suficiente experiencia para guardar.\n\n§rRecuerda que necesitas 15 niveles de experiencia.",
            "on_open_commands": [""],
            "on_close_commands": [""],
            "buttons": [{
                "name": "Cerrar",
                "commands": ["*"]
            }, {
                "name": "§4< Volver",
                "commands": ["/dialogue open @e[type=npc,r=7] @initiator comerciar_experiencia"]
            }]
        }, {
            "scene_tag": "xp_recibida",
            "npc_name": "Lola",
            "text": "§l§2¡Has recibido 15 niveles de experiencia!",
            "on_open_commands": ["/scoreboard players add @initiator TotalXP 1"],
            "on_close_commands": [""],
            "buttons": [{
                "name": "Cerrar",
                "commands": ["*"]
            }, {
                "name": "§4< Volver",
                "commands": ["/dialogue open @e[type=npc,r=7] @initiator comerciar_experiencia"]
            }]
        }, {
            "scene_tag": "xp_negada",
            "npc_name": "Lola",
            "text": "§l§4No masas de experiencia para cargar.\n\n§rNecesitas una para cargar 15 niveles de experiencia.",
            "on_open_commands": [""],
            "on_close_commands": [""],
            "buttons": [{
                "name": "Cerrar",
                "commands": ["*"]
            }, {
                "name": "§4< Volver",
                "commands": ["/dialogue open @e[type=npc,r=7] @initiator comerciar_experiencia"]
            }]
        }, {
            "scene_tag": "viajar",
            "npc_name": "Lola",
            "text": "Puedes viajar a estos destinos.\n\nEstaré actualizando los destinos con nuevos lugares descubiertos por ustedes.",
            "on_open_commands": [""],
            "on_close_commands": [""],
            "buttons": [{
                "name": "Spawn",
                "commands": ["/tp @initiator @e[type=hovertext:warp,name=kzjopw]"]
            }, {
                "name": "Desierto",
                "commands": ["/tp @initiator -1133 72 363"]
            }, {
                "name": "Península",
                "commands": ["/tp @initiator -5471 64 -3388"]
            }, {
                "name": "Portal al End",
                "commands": ["/tp @initiator -312 -18 -904"]
            }, {
                "name": "§4< Volver",
                "commands": ["/dialogue open @e[type=npc,r=7] @initiator inicial"]
            }]
        }, {
            "scene_tag": "emergencia",
            "npc_name": "Lola",
            "text": "¿Tienes alguna emergencia? Yo te puedo ayudar. Elige lo que quieres que haga por tí. §l§4Recuerda que este objeto es de un sólo uso. §rSi no necesitas ayuda, cancela para regresarte tu §lInvocador de ayuda.",
            "on_open_commands": ["/scoreboard objectives add UsosEmergencia dummy", "/scoreboard players add @initiator UsosEmergencia 0"],
            "on_close_commands": ["/kill @initiator" ,"/effect @initiator clear"],
            "buttons": [{
                "name": "Llévame a casa",
                "commands": [
                    "/tp @initiator @e[type=hovertext:warp,name=kzjopw]",
                    "/title @initiator actionbar §a¡Has sido transportado a casa!",
                    "/particle minecraft:totem_particle ~ ~1 ~",
                    "/playsound random.levelup @initiator",
                    "/scoreboard players add @initiator UsosEmergencia 1"
                ]
            },{
                "name": "Dame comida",
                "commands": [
                    "/give @initiator cooked_porkchop 10",
                    "/title @initiator actionbar §a¡Has recibido alimento!",
                    "/particle minecraft:totem_particle ~ ~1 ~",
                    "/playsound random.levelup @initiator",
                    "/scoreboard players add @initiator UsosEmergencia 1"
                ]
            },{
                "name": "Kit de hierro",
                "commands": [
                    "/give @initiator iron_helmet",
                    "/give @initiator iron_chestplate",
                    "/give @initiator iron_leggings",
                    "/give @initiator iron_boots",
                    "/give @initiator iron_sword",
                    "/give @initiator iron_pickaxe",
                    "/title @initiator actionbar §a¡Has recibido tu kit de hierro!",
                    "/particle minecraft:totem_particle ~ ~1 ~",
                    "/playsound random.levelup @initiator",
                    "/scoreboard players add @initiator UsosEmergencia 1"
                ]
            },{
                "name": "Sáname",
                "commands": [
                    "/effect @initiator instant_health 5",
                    "/title @initiator actionbar §a¡Has sido sanado!",
                    "/particle minecraft:totem_particle ~ ~1 ~",
                    "/playsound random.levelup @initiator",
                    "/scoreboard players add @initiator UsosEmergencia 1"
                ]
            },{
                "name": "Mátame",
                "commands": [
                    "/kill @initiator",
                    "/scoreboard players add @initiator UsosEmergencia 1"
                ]
            },{
                "name": "Cancelar",
                "commands": [
                    "/give @initiator if:emergencia",
                    "/kill @initiator"
                ]
            }]
        }]
    }
}