{
  "format_version": "1.12.0",
 "minecraft:entity": {
  "description": {
    "identifier": "morph:fireball",
    "runtime_identifier": "minecraft:fireball",
    "is_spawnable": false,
    "is_summonable": false,
    "is_experimental": false
  },

  "component_groups": {
   "minecraft:exploding": {
    "minecraft:explode": {
     "fuse_length": 0,
     "fuse_lit": true,
     "power": 1,
     "causes_fire": true,
     "fire_affected_by_griefing": true,
     "destroy_affected_by_griefing": true
    }
   },
   "morph:collision": {
    "minecraft:projectile": {
     "on_hit": {
      "impact_damage": {
        "damage": 6,
        "knockback": false,
        "semi_random_diff_damage": false
      },
      "definition_event": {
       "affect_projectile": true,
       "event_trigger": {
             "event": "minecraft:explode",
             "target": "self"
       }
      }
     },
     "power": 1.6,
     "gravity": 0.00,
     "inertia": 1,
     "liquid_inertia": 1,
     "uncertainty_base": 0,
     "uncertainty_multiplier": 0,
     "anchor": 1,
     "offset": [ 0, -0.1, 0 ],
     "reflect_on_hurt": true,
     "catch_fire": true
    }
   }
  },

  "components": {
   "minecraft:collision_box": {
    "width": 1.0,
    "height": 1.0
   },
   "minecraft:projectile": {
    "power": 1.6,
    "gravity": 0.00,
    "inertia": 1,
    "liquid_inertia": 1,
    "uncertainty_base": 0,
    "uncertainty_multiplier": 0,
    "anchor": 1,
    "offset": [ 0, -0.1, 0 ],
    "catch_fire": true
   },
   "minecraft:timer": {
    "looping": false,
    "time": 0.1,
    "time_down_event": {
     "event": "morph:collision"
    }
   },
   "minecraft:physics": {
   },
   "minecraft:pushable": {
    "is_pushable": true,
    "is_pushable_by_piston": true
   },
   "minecraft:conditional_bandwidth_optimization": {
    "default_values": {
      "max_optimized_distance": 80.0,
      "max_dropped_ticks": 7,
      "use_motion_prediction_hints": true
    }
  }
  },
  "events": {
   "minecraft:explode": {
    "add": {
     "component_groups": [
      "minecraft:exploding"
     ]
    }
   },
   "morph:collision": {
    "add": {
     "component_groups": [
      "morph:collision"
     ]
    }
   }
  }
 }
}
