{
  "format_version": "1.16.0",
  "minecraft:entity": {
    "description": {
      "identifier": "morph:souls_in_a_glass",
      "runtime_identifier": "minecraft:snowball",
      "is_spawnable": false,
      "is_summonable": true,
      "is_experimental": false
    },
    "component_groups": {
      "morph:instant_despawn": {
        "minecraft:instant_despawn": {
        }
      }
    },
    "components": {
      "minecraft:collision_box": {
        "width": 0.25,
        "height": 0.25
      },
      "minecraft:projectile": {
        "on_hit": {
          "definition_event": {
            "affect_projectile": true,
            "event_trigger": {
              "event": "morph:on_hit",
              "target": "self"
            }
          },
          "impact_damage": {
            "damage": 1,
            "knockback": true,
            "destroy_on_hit": true
          },
          "particle_on_hit": {
            "particle_type": "iconcrack",
            "num_particles": 6,
            "on_entity_hit": true,
            "on_other_hit": true
          },
          "stick_in_ground": {
            "shake_time": 0.0
          }
        },
        "anchor": 1,
        "power": 1.0,
        "gravity": 0.05,
        "angle_offset": 0.0,
        "offset": [ 0, -0.1, 0 ],
        "hit_sound": "glass"
      },
      "minecraft:physics": {
      },
      "minecraft:pushable": {
        "is_pushable": true,
        "is_pushable_by_piston": true
      }
    },
    "events": {
      "morph:on_hit": {
        "add": {
          "component_groups": [ "morph:instant_despawn" ]
        },
        "run_command": {
          "command": [
            "effect @e[r=4] blindness 10",
            "playsound shriek.sculk_shrieker @a ~ ~ ~"
          ]         
        }
      }
    }
  }
}
