{
    "format_version": "1.10.0",
    "animation_controllers": {
        "controller.animation.biome": {
            "initial_state": "default",
            "states": {
                "default": {
                    "transitions": [
                        {
                            "ocean": "query.biome_has_all_tags('ocean') == 1 && query.biome_has_any_tag('deep', 'warm', 'frozen', 'lukewarm', 'cold') == 0"
                        },
                        {
                            "plains": "query.biome_has_all_tags('plains') == 1 && query.biome_has_any_tag('mutated') == 0"
                        },
                        {
                            "desert": "query.biome_has_all_tags('desert') == 1 && query.biome_has_any_tag('mutated', 'hills') == 0"
                        },
                        {
                            "extreme_hills": "query.biome_has_all_tags('extreme_hills') == 1 && query.biome_has_any_tag('mutated', 'forest', 'edge') == 0"
                        },
                        {
                            "forest": "query.biome_has_all_tags('forest') == 1 && query.biome_has_any_tag('birch', 'taiga', 'roofed', 'extreme_hills', 'hills') == 0"
                        },
                        {
                            "taiga": "query.biome_has_all_tags('taiga') == 1 && query.biome_has_any_tag('hills', 'mutated', 'cold', 'mega') == 0"
                        },
                        {
                            "swamp": "query.biome_has_all_tags('swamp') == 1 && query.biome_has_any_tag('mutated') == 0"
                        },
                        {
                            "river": "query.biome_has_all_tags('river') == 1 && query.biome_has_any_tag('frozen') == 0"
                        },
                        {
                            "nether_wastes": "query.biome_has_all_tags('nether_wastes') == 1"
                        },
                        {
                            "the_end": "query.biome_has_all_tags('the_end') == 1"
                        },
                        {
                            "legacy_frozen_ocean": "query.biome_has_all_tags('ocean', 'frozen') == 1 && query.biome_has_any_tag('monster', 'deep') == 0"
                        },
                        {
                            "frozen_river": "query.biome_has_all_tags('river', 'frozen') == 1"
                        },
                        {
                            "ice_plains": "query.biome_has_all_tags('ice_plains') == 1 && query.biome_has_any_tag('mutated') == 0"
                        },
                        {
                            "ice_mountains": "query.biome_has_all_tags('ice', 'mountain') == 1"
                        },
                        {
                            "mushroom_island": "query.biome_has_all_tags('mooshroom_island') == 1 && query.biome_has_any_tag('shore') == 0"
                        },
                        {
                            "mushroom_island_shore": "query.biome_has_all_tags('mooshroom_island', 'shore') == 1"
                        },
                        {
                            "beach": "query.biome_has_all_tags('beach') == 1 && query.biome_has_any_tag('stone', 'cold') == 0"
                        },
                        {
                            "desert_hills": "query.biome_has_all_tags('desert', 'hills') == 1 && query.biome_has_any_tag('mutated') == 0"
                        },
                        {
                            "forest_hills": "query.biome_has_all_tags('forest', 'hills') == 1 && query.biome_has_any_tag('birch', 'taiga', 'roofed', 'extreme_hills') == 0"
                        },
                        {
                            "taiga_hills": "query.biome_has_all_tags('taiga', 'hills') == 1 && query.biome_has_any_tag('mutated', 'cold', 'mega') == 0"
                        },
                        {
                            "extreme_hills": "query.biome_has_all_tags('extreme_hills') == 1 && query.biome_has_any_tag('mutated', 'forest', 'edge') == 0"
                        },
                        {
                            "extreme_hills_edge": "query.biome_has_all_tags('extreme_hills', 'edge') == 1 && query.biome_has_any_tag('mutated', 'forest') == 0"
                        },
                        {
                            "jungle": "query.biome_has_all_tags('jungle') == 1 && query.biome_has_any_tag('edge', 'mutated', 'hills', 'bamboo') == 0"
                        },
                        {
                            "jungle_hills": "query.biome_has_all_tags('jungle', 'hills') == 1 && query.biome_has_any_tag('edge', 'mutated', 'bamboo') == 0"
                        },
                        {
                            "jungle_edge": "query.biome_has_all_tags('jungle', 'edge') == 1 && query.biome_has_any_tag('mutated', 'hills', 'bamboo') == 0"
                        },
                        {
                            "deep_ocean": "query.biome_has_all_tags('ocean', 'deep') == 1 && query.biome_has_any_tag('lukewarm', 'frozen', 'cold', 'warm') == 0"
                        },
                        {
                            "stone_beach": "query.biome_has_all_tags('beach', 'stone') == 1"
                        },
                        {
                            "cold_beach": "query.biome_has_all_tags('beach', 'cold') == 1"
                        },
                        {
                            "birch_forest": "query.biome_has_all_tags('birch') == 1 && query.biome_has_any_tag('hills', 'mutated') == 0"
                        },
                        {
                            "birch_forest_hills": "query.biome_has_all_tags('birch', 'hills') == 1 && query.biome_has_any_tag('mutated') == 0"
                        },
                        {
                            "roofed_forest": "query.biome_has_all_tags('roofed') == 1 && query.biome_has_any_tag('mutated') == 0"
                        },
                        {
                            "cold_taiga": "query.biome_has_all_tags('taiga', 'cold') == 1 && query.biome_has_any_tag('mutated', 'hills') == 0"
                        },
                        {
                            "cold_taiga_hills": "query.biome_has_all_tags('taiga', 'cold', 'hills') == 1 && query.biome_has_any_tag('mutated') == 0"
                        },
                        {
                            "mega_taiga": "query.biome_has_all_tags('mega') == 1 && query.biome_has_any_tag('hills', 'mutated') == 0"
                        },
                        {
                            "mega_taiga_hills": "query.biome_has_all_tags('mega', 'hills') == 1 && query.biome_has_any_tag('mutated') == 0"
                        },
                        {
                            "extreme_hills_plus_trees": "query.biome_has_all_tags('extreme_hills', 'forest') == 1 && query.biome_has_any_tag('mutated', 'edge') == 0"
                        },
                        {
                            "savanna": "query.biome_has_all_tags('savanna') == 1 && query.biome_has_any_tag('mutated', 'plateau') == 0"
                        },
                        {
                            "savanna_plateau": "query.biome_has_all_tags('savanna', 'plateau') == 1 && query.biome_has_any_tag('mutated') == 0"
                        },
                        {
                            "mesa": "query.biome_has_all_tags('mesa') == 1 && query.biome_has_any_tag('mutated', 'plateau', 'stone') == 0"
                        },
                        {
                            "mesa_plateau_stone": "query.biome_has_all_tags('mesa', 'plateau', 'stone') == 1 && query.biome_has_any_tag('mutated') == 0"
                        },
                        {
                            "mesa_plateau": "query.biome_has_all_tags('mesa', 'plateau') == 1 && query.biome_has_any_tag('mutated', 'stone') == 0"
                        },
                        {
                            "warm_ocean": "query.biome_has_all_tags('ocean', 'warm') == 1 && query.biome_has_any_tag('deep') == 0"
                        },
                        {
                            "deep_warm_ocean": "query.biome_has_all_tags('ocean', 'warm', 'deep') == 1"
                        },
                        {
                            "lukewarm_ocean": "query.biome_has_all_tags('ocean', 'lukewarm') == 1 && query.biome_has_any_tag('deep') == 0"
                        },
                        {
                            "deep_lukewarm_ocean": "query.biome_has_all_tags('ocean', 'lukewarm', 'deep') == 1"
                        },
                        {
                            "cold_ocean": "query.biome_has_all_tags('ocean', 'cold') == 1 && query.biome_has_any_tag('deep') == 0"
                        },
                        {
                            "deep_cold_ocean": "query.biome_has_all_tags('ocean', 'cold', 'deep') == 1"
                        },
                        {
                            "frozen_ocean": "query.biome_has_all_tags('ocean', 'frozen', 'monster') == 1 && query.biome_has_any_tag('deep') == 0"
                        },
                        {
                            "deep_frozen_ocean": "query.biome_has_all_tags('ocean', 'frozen', 'monster', 'deep') == 1"
                        },
                        {
                            "bamboo_jungle": "query.biome_has_all_tags('jungle', 'bamboo') == 1 && query.biome_has_any_tag('edge', 'mutated', 'hills') == 0"
                        },
                        {
                            "bamboo_jungle_hills": "query.biome_has_all_tags('jungle', 'bamboo', 'hills') == 1 && query.biome_has_any_tag('edge', 'mutated') == 0"
                        },
                        {
                            "sunflower_plains": "query.biome_has_all_tags('plains', 'mutated') == 1"
                        },
                        {
                            "desert_mutated": "query.biome_has_all_tags('desert', 'mutated') == 1 && query.biome_has_any_tag('hills') == 0"
                        },
                        {
                            "extreme_hills_mutated": "query.biome_has_all_tags('extreme_hills', 'mutated') == 1 && query.biome_has_any_tag('forest', 'edge') == 0"
                        },
                        {
                            "flower_forest": "query.biome_has_all_tags('flower_forest') == 1"
                        },
                        {
                            "taiga_mutated": "query.biome_has_all_tags('taiga', 'mutated') == 1 && query.biome_has_any_tag('hills', 'cold', 'mega') == 0"
                        },
                        {
                            "swampland_mutated": "query.biome_has_all_tags('swamp', 'mutated') == 1"
                        },
                        {
                            "ice_plains_spikes": "query.biome_has_all_tags('ice_plains', 'mutated') == 1"
                        },
                        {
                            "jungle_mutated": "query.biome_has_all_tags('jungle', 'mutated') == 1 && query.biome_has_any_tag('edge', 'hills', 'bamboo') == 0"
                        },
                        {
                            "jungle_edge_mutated": "query.biome_has_all_tags('jungle', 'edge', 'mutated') == 1 && query.biome_has_any_tag('hills', 'bamboo') == 0"
                        },
                        {
                            "birch_forest_mutated": "query.biome_has_all_tags('birch', 'mutated') == 1 && query.biome_has_any_tag('hills') == 0"
                        },
                        {
                            "birch_forest_hills_mutated": "query.biome_has_all_tags('birch', 'hills', 'mutated') == 1"
                        },
                        {
                            "roofed_forest_mutated": "query.biome_has_all_tags('roofed', 'mutated') == 1"
                        },
                        {
                            "cold_taiga_mutated": "query.biome_has_all_tags('taiga', 'cold', 'mutated') == 1 && query.biome_has_any_tag('hills') == 0"
                        },
                        {
                            "redwood_taiga_mutated": "query.biome_has_all_tags('mega', 'mutated') == 1 && query.biome_has_any_tag('hills') == 0"
                        },
                        {
                            "redwood_taiga_hills_mutated": "query.biome_has_all_tags('mega', 'hills', 'mutated') == 1"
                        },
                        {
                            "extreme_hills_plus_trees_mutated": "query.biome_has_all_tags('extreme_hills', 'forest', 'mutated') == 1 && query.biome_has_any_tag('edge') == 0"
                        },
                        {
                            "savanna_mutated": "query.biome_has_all_tags('savanna', 'mutated') == 1 && query.biome_has_any_tag('plateau') == 0"
                        },
                        {
                            "savanna_plateau_mutated": "query.biome_has_all_tags('savanna', 'plateau', 'mutated') == 1 && query.biome_has_any_tag('mutated') == 0"
                        },
                        {
                            "mesa_bryce": "query.biome_has_all_tags('mesa', 'mutated') == 1 && query.biome_has_any_tag('plateau', 'stone') == 0"
                        },
                        {
                            "mesa_plateau_stone_mutated": "query.biome_has_all_tags('mesa', 'plateau', 'stone', 'mutated') == 1"
                        },
                        {
                            "mesa_plateau_mutated": "query.biome_has_all_tags('mesa', 'plateau', 'mutated') == 1 && query.biome_has_any_tag('stone') == 0"
                        },
                        {
                            "soulsand_valley": "query.biome_has_all_tags('soulsand_valley') == 1"
                        },
                        {
                            "crimson_forest": "query.biome_has_all_tags('crimson_forest') == 1"
                        },
                        {
                            "warped_forest": "query.biome_has_all_tags('warped_forest') == 1"
                        },
                        {
                            "basalt_deltas": "query.biome_has_all_tags('basalt_deltas') == 1"
                        },
                        {
                            "jagged_peaks": "query.biome_has_all_tags('jagged_peaks') == 1"
                        },
                        {
                            "frozen_peaks": "query.biome_has_all_tags('frozen_peaks') == 1"
                        },
                        {
                            "snowy_slopes": "query.biome_has_all_tags('snowy_slopes') == 1"
                        },
                        {
                            "grove": "query.biome_has_all_tags('grove') == 1"
                        },
                        {
                            "meadow": "query.biome_has_all_tags('meadow') == 1"
                        },
                        {
                            "lush_caves": "query.biome_has_all_tags('lush_caves') == 1"
                        },
                        {
                            "dripstone_caves": "query.biome_has_all_tags('dripstone_caves') == 1"
                        },
                        {
                            "stony_peaks": "query.biome_has_all_tags('monster', 'mountain', 'overworld') == 1 && query.biome_has_any_tag('frozen', 'grove', 'meadow') == 0"
                        },
                        {
                            "deep_dark": "query.biome_has_all_tags('deep_dark') == 1"
                        },
                        {
                            "mangrove_swamp": "query.biome_has_all_tags('mangrove_swamp') == 1"
                        },
                        {
                            "unknown": "1"
                        }
                    ]
                },
                "ocean": {
                    "on_entry": [
                        "/scoreboard players set @s wedit:biome 0",
                        "/event entity @s wedit:biome_update"
                    ],
                    "transitions": [
                        {
                            "default": "query.is_name_any('wedit:biome_update')"
                        }
                    ]
                },
                "plains": {
                    "on_entry": [
                        "/scoreboard players set @s wedit:biome 1",
                        "/event entity @s wedit:biome_update"
                    ],
                    "transitions": [
                        {
                            "default": "query.is_name_any('wedit:biome_update')"
                        }
                    ]
                },
                "desert": {
                    "on_entry": [
                        "/scoreboard players set @s wedit:biome 2",
                        "/event entity @s wedit:biome_update"
                    ],
                    "transitions": [
                        {
                            "default": "query.is_name_any('wedit:biome_update')"
                        }
                    ]
                },
                "extreme_hills": {
                    "on_entry": [
                        "/scoreboard players set @s wedit:biome 3",
                        "/event entity @s wedit:biome_update"
                    ],
                    "transitions": [
                        {
                            "default": "query.is_name_any('wedit:biome_update')"
                        }
                    ]
                },
                "forest": {
                    "on_entry": [
                        "/scoreboard players set @s wedit:biome 4",
                        "/event entity @s wedit:biome_update"
                    ],
                    "transitions": [
                        {
                            "default": "query.is_name_any('wedit:biome_update')"
                        }
                    ]
                },
                "taiga": {
                    "on_entry": [
                        "/scoreboard players set @s wedit:biome 5",
                        "/event entity @s wedit:biome_update"
                    ],
                    "transitions": [
                        {
                            "default": "query.is_name_any('wedit:biome_update')"
                        }
                    ]
                },
                "swamp": {
                    "on_entry": [
                        "/scoreboard players set @s wedit:biome 6",
                        "/event entity @s wedit:biome_update"
                    ],
                    "transitions": [
                        {
                            "default": "query.is_name_any('wedit:biome_update')"
                        }
                    ]
                },
                "river": {
                    "on_entry": [
                        "/scoreboard players set @s wedit:biome 7",
                        "/event entity @s wedit:biome_update"
                    ],
                    "transitions": [
                        {
                            "default": "query.is_name_any('wedit:biome_update')"
                        }
                    ]
                },
                "nether_wastes": {
                    "on_entry": [
                        "/scoreboard players set @s wedit:biome 8",
                        "/event entity @s wedit:biome_update"
                    ],
                    "transitions": [
                        {
                            "default": "query.is_name_any('wedit:biome_update')"
                        }
                    ]
                },
                "the_end": {
                    "on_entry": [
                        "/scoreboard players set @s wedit:biome 9",
                        "/event entity @s wedit:biome_update"
                    ],
                    "transitions": [
                        {
                            "default": "query.is_name_any('wedit:biome_update')"
                        }
                    ]
                },
                "legacy_frozen_ocean": {
                    "on_entry": [
                        "/scoreboard players set @s wedit:biome 10",
                        "/event entity @s wedit:biome_update"
                    ],
                    "transitions": [
                        {
                            "default": "query.is_name_any('wedit:biome_update')"
                        }
                    ]
                },
                "frozen_river": {
                    "on_entry": [
                        "/scoreboard players set @s wedit:biome 11",
                        "/event entity @s wedit:biome_update"
                    ],
                    "transitions": [
                        {
                            "default": "query.is_name_any('wedit:biome_update')"
                        }
                    ]
                },
                "ice_plains": {
                    "on_entry": [
                        "/scoreboard players set @s wedit:biome 12",
                        "/event entity @s wedit:biome_update"
                    ],
                    "transitions": [
                        {
                            "default": "query.is_name_any('wedit:biome_update')"
                        }
                    ]
                },
                "ice_mountains": {
                    "on_entry": [
                        "/scoreboard players set @s wedit:biome 13",
                        "/event entity @s wedit:biome_update"
                    ],
                    "transitions": [
                        {
                            "default": "query.is_name_any('wedit:biome_update')"
                        }
                    ]
                },
                "mushroom_island": {
                    "on_entry": [
                        "/scoreboard players set @s wedit:biome 14",
                        "/event entity @s wedit:biome_update"
                    ],
                    "transitions": [
                        {
                            "default": "query.is_name_any('wedit:biome_update')"
                        }
                    ]
                },
                "mushroom_island_shore": {
                    "on_entry": [
                        "/scoreboard players set @s wedit:biome 15",
                        "/event entity @s wedit:biome_update"
                    ],
                    "transitions": [
                        {
                            "default": "query.is_name_any('wedit:biome_update')"
                        }
                    ]
                },
                "beach": {
                    "on_entry": [
                        "/scoreboard players set @s wedit:biome 16",
                        "/event entity @s wedit:biome_update"
                    ],
                    "transitions": [
                        {
                            "default": "query.is_name_any('wedit:biome_update')"
                        }
                    ]
                },
                "desert_hills": {
                    "on_entry": [
                        "/scoreboard players set @s wedit:biome 17",
                        "/event entity @s wedit:biome_update"
                    ],
                    "transitions": [
                        {
                            "default": "query.is_name_any('wedit:biome_update')"
                        }
                    ]
                },
                "forest_hills": {
                    "on_entry": [
                        "/scoreboard players set @s wedit:biome 18",
                        "/event entity @s wedit:biome_update"
                    ],
                    "transitions": [
                        {
                            "default": "query.is_name_any('wedit:biome_update')"
                        }
                    ]
                },
                "taiga_hills": {
                    "on_entry": [
                        "/scoreboard players set @s wedit:biome 19",
                        "/event entity @s wedit:biome_update"
                    ],
                    "transitions": [
                        {
                            "default": "query.is_name_any('wedit:biome_update')"
                        }
                    ]
                },
                "extreme_hills_edge": {
                    "on_entry": [
                        "/scoreboard players set @s wedit:biome 20",
                        "/event entity @s wedit:biome_update"
                    ],
                    "transitions": [
                        {
                            "default": "query.is_name_any('wedit:biome_update')"
                        }
                    ]
                },
                "jungle": {
                    "on_entry": [
                        "/scoreboard players set @s wedit:biome 21",
                        "/event entity @s wedit:biome_update"
                    ],
                    "transitions": [
                        {
                            "default": "query.is_name_any('wedit:biome_update')"
                        }
                    ]
                },
                "jungle_hills": {
                    "on_entry": [
                        "/scoreboard players set @s wedit:biome 22",
                        "/event entity @s wedit:biome_update"
                    ],
                    "transitions": [
                        {
                            "default": "query.is_name_any('wedit:biome_update')"
                        }
                    ]
                },
                "jungle_edge": {
                    "on_entry": [
                        "/scoreboard players set @s wedit:biome 23",
                        "/event entity @s wedit:biome_update"
                    ],
                    "transitions": [
                        {
                            "default": "query.is_name_any('wedit:biome_update')"
                        }
                    ]
                },
                "deep_ocean": {
                    "on_entry": [
                        "/scoreboard players set @s wedit:biome 24",
                        "/event entity @s wedit:biome_update"
                    ],
                    "transitions": [
                        {
                            "default": "query.is_name_any('wedit:biome_update')"
                        }
                    ]
                },
                "stone_beach": {
                    "on_entry": [
                        "/scoreboard players set @s wedit:biome 25",
                        "/event entity @s wedit:biome_update"
                    ],
                    "transitions": [
                        {
                            "default": "query.is_name_any('wedit:biome_update')"
                        }
                    ]
                },
                "cold_beach": {
                    "on_entry": [
                        "/scoreboard players set @s wedit:biome 26",
                        "/event entity @s wedit:biome_update"
                    ],
                    "transitions": [
                        {
                            "default": "query.is_name_any('wedit:biome_update')"
                        }
                    ]
                },
                "birch_forest": {
                    "on_entry": [
                        "/scoreboard players set @s wedit:biome 27",
                        "/event entity @s wedit:biome_update"
                    ],
                    "transitions": [
                        {
                            "default": "query.is_name_any('wedit:biome_update')"
                        }
                    ]
                },
                "birch_forest_hills": {
                    "on_entry": [
                        "/scoreboard players set @s wedit:biome 28",
                        "/event entity @s wedit:biome_update"
                    ],
                    "transitions": [
                        {
                            "default": "query.is_name_any('wedit:biome_update')"
                        }
                    ]
                },
                "roofed_forest": {
                    "on_entry": [
                        "/scoreboard players set @s wedit:biome 29",
                        "/event entity @s wedit:biome_update"
                    ],
                    "transitions": [
                        {
                            "default": "query.is_name_any('wedit:biome_update')"
                        }
                    ]
                },
                "cold_taiga": {
                    "on_entry": [
                        "/scoreboard players set @s wedit:biome 30",
                        "/event entity @s wedit:biome_update"
                    ],
                    "transitions": [
                        {
                            "default": "query.is_name_any('wedit:biome_update')"
                        }
                    ]
                },
                "cold_taiga_hills": {
                    "on_entry": [
                        "/scoreboard players set @s wedit:biome 31",
                        "/event entity @s wedit:biome_update"
                    ],
                    "transitions": [
                        {
                            "default": "query.is_name_any('wedit:biome_update')"
                        }
                    ]
                },
                "mega_taiga": {
                    "on_entry": [
                        "/scoreboard players set @s wedit:biome 32",
                        "/event entity @s wedit:biome_update"
                    ],
                    "transitions": [
                        {
                            "default": "query.is_name_any('wedit:biome_update')"
                        }
                    ]
                },
                "mega_taiga_hills": {
                    "on_entry": [
                        "/scoreboard players set @s wedit:biome 33",
                        "/event entity @s wedit:biome_update"
                    ],
                    "transitions": [
                        {
                            "default": "query.is_name_any('wedit:biome_update')"
                        }
                    ]
                },
                "extreme_hills_plus_trees": {
                    "on_entry": [
                        "/scoreboard players set @s wedit:biome 34",
                        "/event entity @s wedit:biome_update"
                    ],
                    "transitions": [
                        {
                            "default": "query.is_name_any('wedit:biome_update')"
                        }
                    ]
                },
                "savanna": {
                    "on_entry": [
                        "/scoreboard players set @s wedit:biome 35",
                        "/event entity @s wedit:biome_update"
                    ],
                    "transitions": [
                        {
                            "default": "query.is_name_any('wedit:biome_update')"
                        }
                    ]
                },
                "savanna_plateau": {
                    "on_entry": [
                        "/scoreboard players set @s wedit:biome 36",
                        "/event entity @s wedit:biome_update"
                    ],
                    "transitions": [
                        {
                            "default": "query.is_name_any('wedit:biome_update')"
                        }
                    ]
                },
                "mesa": {
                    "on_entry": [
                        "/scoreboard players set @s wedit:biome 37",
                        "/event entity @s wedit:biome_update"
                    ],
                    "transitions": [
                        {
                            "default": "query.is_name_any('wedit:biome_update')"
                        }
                    ]
                },
                "mesa_plateau_stone": {
                    "on_entry": [
                        "/scoreboard players set @s wedit:biome 38",
                        "/event entity @s wedit:biome_update"
                    ],
                    "transitions": [
                        {
                            "default": "query.is_name_any('wedit:biome_update')"
                        }
                    ]
                },
                "mesa_plateau": {
                    "on_entry": [
                        "/scoreboard players set @s wedit:biome 39",
                        "/event entity @s wedit:biome_update"
                    ],
                    "transitions": [
                        {
                            "default": "query.is_name_any('wedit:biome_update')"
                        }
                    ]
                },
                "warm_ocean": {
                    "on_entry": [
                        "/scoreboard players set @s wedit:biome 40",
                        "/event entity @s wedit:biome_update"
                    ],
                    "transitions": [
                        {
                            "default": "query.is_name_any('wedit:biome_update')"
                        }
                    ]
                },
                "deep_warm_ocean": {
                    "on_entry": [
                        "/scoreboard players set @s wedit:biome 41",
                        "/event entity @s wedit:biome_update"
                    ],
                    "transitions": [
                        {
                            "default": "query.is_name_any('wedit:biome_update')"
                        }
                    ]
                },
                "lukewarm_ocean": {
                    "on_entry": [
                        "/scoreboard players set @s wedit:biome 42",
                        "/event entity @s wedit:biome_update"
                    ],
                    "transitions": [
                        {
                            "default": "query.is_name_any('wedit:biome_update')"
                        }
                    ]
                },
                "deep_lukewarm_ocean": {
                    "on_entry": [
                        "/scoreboard players set @s wedit:biome 43",
                        "/event entity @s wedit:biome_update"
                    ],
                    "transitions": [
                        {
                            "default": "query.is_name_any('wedit:biome_update')"
                        }
                    ]
                },
                "cold_ocean": {
                    "on_entry": [
                        "/scoreboard players set @s wedit:biome 44",
                        "/event entity @s wedit:biome_update"
                    ],
                    "transitions": [
                        {
                            "default": "query.is_name_any('wedit:biome_update')"
                        }
                    ]
                },
                "deep_cold_ocean": {
                    "on_entry": [
                        "/scoreboard players set @s wedit:biome 45",
                        "/event entity @s wedit:biome_update"
                    ],
                    "transitions": [
                        {
                            "default": "query.is_name_any('wedit:biome_update')"
                        }
                    ]
                },
                "frozen_ocean": {
                    "on_entry": [
                        "/scoreboard players set @s wedit:biome 46",
                        "/event entity @s wedit:biome_update"
                    ],
                    "transitions": [
                        {
                            "default": "query.is_name_any('wedit:biome_update')"
                        }
                    ]
                },
                "deep_frozen_ocean": {
                    "on_entry": [
                        "/scoreboard players set @s wedit:biome 47",
                        "/event entity @s wedit:biome_update"
                    ],
                    "transitions": [
                        {
                            "default": "query.is_name_any('wedit:biome_update')"
                        }
                    ]
                },
                "bamboo_jungle": {
                    "on_entry": [
                        "/scoreboard players set @s wedit:biome 48",
                        "/event entity @s wedit:biome_update"
                    ],
                    "transitions": [
                        {
                            "default": "query.is_name_any('wedit:biome_update')"
                        }
                    ]
                },
                "bamboo_jungle_hills": {
                    "on_entry": [
                        "/scoreboard players set @s wedit:biome 49",
                        "/event entity @s wedit:biome_update"
                    ],
                    "transitions": [
                        {
                            "default": "query.is_name_any('wedit:biome_update')"
                        }
                    ]
                },
                "sunflower_plains": {
                    "on_entry": [
                        "/scoreboard players set @s wedit:biome 129",
                        "/event entity @s wedit:biome_update"
                    ],
                    "transitions": [
                        {
                            "default": "query.is_name_any('wedit:biome_update')"
                        }
                    ]
                },
                "desert_mutated": {
                    "on_entry": [
                        "/scoreboard players set @s wedit:biome 130",
                        "/event entity @s wedit:biome_update"
                    ],
                    "transitions": [
                        {
                            "default": "query.is_name_any('wedit:biome_update')"
                        }
                    ]
                },
                "extreme_hills_mutated": {
                    "on_entry": [
                        "/scoreboard players set @s wedit:biome 131",
                        "/event entity @s wedit:biome_update"
                    ],
                    "transitions": [
                        {
                            "default": "query.is_name_any('wedit:biome_update')"
                        }
                    ]
                },
                "flower_forest": {
                    "on_entry": [
                        "/scoreboard players set @s wedit:biome 132",
                        "/event entity @s wedit:biome_update"
                    ],
                    "transitions": [
                        {
                            "default": "query.is_name_any('wedit:biome_update')"
                        }
                    ]
                },
                "taiga_mutated": {
                    "on_entry": [
                        "/scoreboard players set @s wedit:biome 133",
                        "/event entity @s wedit:biome_update"
                    ],
                    "transitions": [
                        {
                            "default": "query.is_name_any('wedit:biome_update')"
                        }
                    ]
                },
                "swampland_mutated": {
                    "on_entry": [
                        "/scoreboard players set @s wedit:biome 134",
                        "/event entity @s wedit:biome_update"
                    ],
                    "transitions": [
                        {
                            "default": "query.is_name_any('wedit:biome_update')"
                        }
                    ]
                },
                "ice_plains_spikes": {
                    "on_entry": [
                        "/scoreboard players set @s wedit:biome 140",
                        "/event entity @s wedit:biome_update"
                    ],
                    "transitions": [
                        {
                            "default": "query.is_name_any('wedit:biome_update')"
                        }
                    ]
                },
                "jungle_mutated": {
                    "on_entry": [
                        "/scoreboard players set @s wedit:biome 149",
                        "/event entity @s wedit:biome_update"
                    ],
                    "transitions": [
                        {
                            "default": "query.is_name_any('wedit:biome_update')"
                        }
                    ]
                },
                "jungle_edge_mutated": {
                    "on_entry": [
                        "/scoreboard players set @s wedit:biome 151",
                        "/event entity @s wedit:biome_update"
                    ],
                    "transitions": [
                        {
                            "default": "query.is_name_any('wedit:biome_update')"
                        }
                    ]
                },
                "birch_forest_mutated": {
                    "on_entry": [
                        "/scoreboard players set @s wedit:biome 155",
                        "/event entity @s wedit:biome_update"
                    ],
                    "transitions": [
                        {
                            "default": "query.is_name_any('wedit:biome_update')"
                        }
                    ]
                },
                "birch_forest_hills_mutated": {
                    "on_entry": [
                        "/scoreboard players set @s wedit:biome 156",
                        "/event entity @s wedit:biome_update"
                    ],
                    "transitions": [
                        {
                            "default": "query.is_name_any('wedit:biome_update')"
                        }
                    ]
                },
                "roofed_forest_mutated": {
                    "on_entry": [
                        "/scoreboard players set @s wedit:biome 157",
                        "/event entity @s wedit:biome_update"
                    ],
                    "transitions": [
                        {
                            "default": "query.is_name_any('wedit:biome_update')"
                        }
                    ]
                },
                "cold_taiga_mutated": {
                    "on_entry": [
                        "/scoreboard players set @s wedit:biome 158",
                        "/event entity @s wedit:biome_update"
                    ],
                    "transitions": [
                        {
                            "default": "query.is_name_any('wedit:biome_update')"
                        }
                    ]
                },
                "redwood_taiga_mutated": {
                    "on_entry": [
                        "/scoreboard players set @s wedit:biome 160",
                        "/event entity @s wedit:biome_update"
                    ],
                    "transitions": [
                        {
                            "default": "query.is_name_any('wedit:biome_update')"
                        }
                    ]
                },
                "redwood_taiga_hills_mutated": {
                    "on_entry": [
                        "/scoreboard players set @s wedit:biome 161",
                        "/event entity @s wedit:biome_update"
                    ],
                    "transitions": [
                        {
                            "default": "query.is_name_any('wedit:biome_update')"
                        }
                    ]
                },
                "extreme_hills_plus_trees_mutated": {
                    "on_entry": [
                        "/scoreboard players set @s wedit:biome 162",
                        "/event entity @s wedit:biome_update"
                    ],
                    "transitions": [
                        {
                            "default": "query.is_name_any('wedit:biome_update')"
                        }
                    ]
                },
                "savanna_mutated": {
                    "on_entry": [
                        "/scoreboard players set @s wedit:biome 163",
                        "/event entity @s wedit:biome_update"
                    ],
                    "transitions": [
                        {
                            "default": "query.is_name_any('wedit:biome_update')"
                        }
                    ]
                },
                "savanna_plateau_mutated": {
                    "on_entry": [
                        "/scoreboard players set @s wedit:biome 164",
                        "/event entity @s wedit:biome_update"
                    ],
                    "transitions": [
                        {
                            "default": "query.is_name_any('wedit:biome_update')"
                        }
                    ]
                },
                "mesa_bryce": {
                    "on_entry": [
                        "/scoreboard players set @s wedit:biome 165",
                        "/event entity @s wedit:biome_update"
                    ],
                    "transitions": [
                        {
                            "default": "query.is_name_any('wedit:biome_update')"
                        }
                    ]
                },
                "mesa_plateau_stone_mutated": {
                    "on_entry": [
                        "/scoreboard players set @s wedit:biome 166",
                        "/event entity @s wedit:biome_update"
                    ],
                    "transitions": [
                        {
                            "default": "query.is_name_any('wedit:biome_update')"
                        }
                    ]
                },
                "mesa_plateau_mutated": {
                    "on_entry": [
                        "/scoreboard players set @s wedit:biome 167",
                        "/event entity @s wedit:biome_update"
                    ],
                    "transitions": [
                        {
                            "default": "query.is_name_any('wedit:biome_update')"
                        }
                    ]
                },
                "soulsand_valley": {
                    "on_entry": [
                        "/scoreboard players set @s wedit:biome 178",
                        "/event entity @s wedit:biome_update"
                    ],
                    "transitions": [
                        {
                            "default": "query.is_name_any('wedit:biome_update')"
                        }
                    ]
                },
                "crimson_forest": {
                    "on_entry": [
                        "/scoreboard players set @s wedit:biome 179",
                        "/event entity @s wedit:biome_update"
                    ],
                    "transitions": [
                        {
                            "default": "query.is_name_any('wedit:biome_update')"
                        }
                    ]
                },
                "warped_forest": {
                    "on_entry": [
                        "/scoreboard players set @s wedit:biome 180",
                        "/event entity @s wedit:biome_update"
                    ],
                    "transitions": [
                        {
                            "default": "query.is_name_any('wedit:biome_update')"
                        }
                    ]
                },
                "basalt_deltas": {
                    "on_entry": [
                        "/scoreboard players set @s wedit:biome 181",
                        "/event entity @s wedit:biome_update"
                    ],
                    "transitions": [
                        {
                            "default": "query.is_name_any('wedit:biome_update')"
                        }
                    ]
                },
                "jagged_peaks": {
                    "on_entry": [
                        "/scoreboard players set @s wedit:biome 182",
                        "/event entity @s wedit:biome_update"
                    ],
                    "transitions": [
                        {
                            "default": "query.is_name_any('wedit:biome_update')"
                        }
                    ]
                },
                "frozen_peaks": {
                    "on_entry": [
                        "/scoreboard players set @s wedit:biome 183",
                        "/event entity @s wedit:biome_update"
                    ],
                    "transitions": [
                        {
                            "default": "query.is_name_any('wedit:biome_update')"
                        }
                    ]
                },
                "snowy_slopes": {
                    "on_entry": [
                        "/scoreboard players set @s wedit:biome 184",
                        "/event entity @s wedit:biome_update"
                    ],
                    "transitions": [
                        {
                            "default": "query.is_name_any('wedit:biome_update')"
                        }
                    ]
                },
                "grove": {
                    "on_entry": [
                        "/scoreboard players set @s wedit:biome 185",
                        "/event entity @s wedit:biome_update"
                    ],
                    "transitions": [
                        {
                            "default": "query.is_name_any('wedit:biome_update')"
                        }
                    ]
                },
                "meadow": {
                    "on_entry": [
                        "/scoreboard players set @s wedit:biome 186",
                        "/event entity @s wedit:biome_update"
                    ],
                    "transitions": [
                        {
                            "default": "query.is_name_any('wedit:biome_update')"
                        }
                    ]
                },
                "lush_caves": {
                    "on_entry": [
                        "/scoreboard players set @s wedit:biome 187",
                        "/event entity @s wedit:biome_update"
                    ],
                    "transitions": [
                        {
                            "default": "query.is_name_any('wedit:biome_update')"
                        }
                    ]
                },
                "dripstone_caves": {
                    "on_entry": [
                        "/scoreboard players set @s wedit:biome 188",
                        "/event entity @s wedit:biome_update"
                    ],
                    "transitions": [
                        {
                            "default": "query.is_name_any('wedit:biome_update')"
                        }
                    ]
                },
                "stony_peaks": {
                    "on_entry": [
                        "/scoreboard players set @s wedit:biome 189",
                        "/event entity @s wedit:biome_update"
                    ],
                    "transitions": [
                        {
                            "default": "query.is_name_any('wedit:biome_update')"
                        }
                    ]
                },
                "deep_dark": {
                    "on_entry": [
                        "/scoreboard players set @s wedit:biome 190",
                        "/event entity @s wedit:biome_update"
                    ],
                    "transitions": [
                        {
                            "default": "query.is_name_any('wedit:biome_update')"
                        }
                    ]
                },
                "mangrove_swamp": {
                    "on_entry": [
                        "/scoreboard players set @s wedit:biome 191",
                        "/event entity @s wedit:biome_update"
                    ],
                    "transitions": [
                        {
                            "default": "query.is_name_any('wedit:biome_update')"
                        }
                    ]
                },
                "unknown": {
                    "on_entry": [
                        "/scoreboard players set @s wedit:biome -1",
                        "/event entity @s wedit:biome_update"
                    ],
                    "transitions": [
                        {
                            "default": "query.is_name_any('wedit:biome_update')"
                        }
                    ]
                }
            }
        }
    }
}