{
    "format_version": "1.20.0",
    "minecraft:block": {
        "description": {
            "identifier": "tomb:tomb_2",
            "register_to_creative_menu": true,
            "menu_category": {
                "category": "construction"
            },
            "properties": {
                "tomb:rotation": [2, 3, 4, 5],
                "tomb:destructible_by_mining": [false, true]
            }
        },
        "permutations": [
            {
                "condition": "q.block_property('tomb:rotation') == 2",

                "components": {
                    "minecraft:transformation": { "rotation": [0, 0, 0] }
                }
            },
            {
                "condition": "q.block_property('tomb:rotation') == 3",

                "components": {
                    "minecraft:transformation": { "rotation": [0, 180, 0] }
                }
            },
            {
                "condition": "q.block_property('tomb:rotation') == 4",

                "components": {
                    "minecraft:transformation": { "rotation": [0, 90, 0] }
                }
            },
            {
                "condition": "q.block_property('tomb:rotation') == 5",

                "components": {
                    "minecraft:transformation": { "rotation": [0, -90, 0] }
                }
            },
            {
                "condition": "q.block_property('tomb:destructible_by_mining')",
                "components": {
                    "minecraft:destructible_by_mining": {
                        "seconds_to_destroy": 3
                    },
                    "minecraft:destructible_by_explosion": {
                        "explosion_resistance": 14
                    }
                }
            }
        ],
        "components": {
            "minecraft:destructible_by_explosion": false,
            "minecraft:destructible_by_mining": false,
            "minecraft:geometry": {
                "identifier": "geometry.tomb_2"
            },
            "minecraft:material_instances": {
                "*": {
                    "texture": "tomb_2",
                    "render_method": "opaque"
                }
            },
            "minecraft:collision_box": {
                "origin": [-5, 0.0, -7],
                "size": [10.0, 13.0, 12.0]
            },
            "minecraft:selection_box": {
                "origin": [-5, 0.0, -7],
                "size": [10.0, 13.0, 12.0]
            },
            "minecraft:on_player_placing": {
                "event": "tomb:set_rotation"
            }
        },
        "events": {
            "tomb:set_rotation": {
                "set_block_property": {
                    "tomb:rotation": "q.cardinal_facing_2d",
                    "tomb:destructible_by_mining": true
                }
            }
        }
    }
}
