{
    "format_version": "1.16.100",
    "minecraft:recipe_shaped": {
        "description": {
            "identifier": "tomb:tomb_3"
        },
        "tags": ["crafting_table"],
        "pattern": ["ACA", "ABA", "AAA"],
        "key": {
            "A": {
                "item": "minecraft:oak_log"
            },
            "B": {
                "item": "minecraft:wool"
            },
            "C": {
                "item": "minecraft:yellow_flower"
            }
        },
        "result": {
            "item": "tomb:tomb_3"
        }
    }
}
