{
    "format_version": "1.16.100",
    "minecraft:recipe_shaped": {
        "description": {
            "identifier": "tomb:tomb_2"
        },
        "tags": ["crafting_table"],
        "pattern": [" B ", "CBC", "AAA"],
        "key": {
            "A": {
                "item": "minecraft:dirt"
            },
            "B": {
                "item": "minecraft:cobblestone"
            },
            "C": {
                "item": "minecraft:stone_slab",
                "data": 3
            }
        },
        "result": {
            "item": "tomb:tomb_2"
        }
    }
}
