{
    "format_version": "1.16.100",
    "minecraft:recipe_shaped": {
        "description": {
            "identifier": "tomb:tomb_5"
        },
        "tags": ["crafting_table"],
        "pattern": [" B ", " A ", "BBB"],
        "key": {
            "A": {
                "item": "minecraft:dirt"
            },
            "B": {
                "item": "minecraft:cobblestone"
            }
        },
        "result": {
            "item": "tomb:tomb_5"
        }
    }
}
