{
    "format_version": "1.16.100",
    "minecraft:recipe_shaped": {
        "description": {
            "identifier": "tomb:tomb_4"
        },
        "tags": ["crafting_table"],
        "pattern": [" A ", "ABA", "AAA"],
        "key": {
            "A": {
                "item": "minecraft:polished_blackstone"
            },
            "B": {
                "item": "minecraft:red_flower"
            }
        },
        "result": {
            "item": "tomb:tomb_4"
        }
    }
}
