{
  "format_version": "1.16.100",
  "minecraft:item": {
    "description": {
      "identifier": "morph:evoker_fang",
      "category": "none"
    },
    "components": {
      "minecraft:icon": {
        "texture": "morph:evoker_fang"
      },
      "minecraft:max_stack_size": 1,
      "minecraft:use_duration": 2.0,
      "minecraft:chargeable": {
        "movement_modifier": 0.5
      },
      "minecraft:cooldown": {
        "category": "morph:evoker_fang",
        "duration": 2.0
      }
    }
  }
}