{
  "format_version": "1.16.100",
  "minecraft:item": {
    "description": {
      "identifier": "morph:ghast_fireball",
      "category": "none"
    },
    "components": {
      "minecraft:icon": {
        "texture": "fireball"
      },
      "minecraft:max_stack_size": 1,
      "minecraft:foil": true,
      "minecraft:cooldown": {
        "category": "morph:ghast_fireball",
        "duration": 1.34
      },
      "minecraft:throwable": {
        "do_swing_animation": true
      },
      "minecraft:on_use": {
        "on_use": {
          "event": "morph:shoot"
        }
      }
    },
    "events": {
      "morph:shoot": {
        "shoot": {
          "projectile": "morph:fireball",
          "launch_power": 1,
          "angle_offset": 0
        },
        "run_command": {
          "command": [
            "playsound mob.ghast.fireball @a ~ ~ ~ 0.70",
            "event entity @s morph:ghast_shooting"
          ],
          "target": "holder"
        }
      }
    }
  }
}