{
  "format_version": "1.16.100",
  "minecraft:item": {
    "description": {
      "identifier": "morph:teleportation",
      "category": "none"
    },
    "components": {
      "minecraft:icon": {
        "texture": "ender_eye"
      },
      "minecraft:max_stack_size": 1,
      "minecraft:foil": true,
      "minecraft:cooldown": {
        "category": "morph:teleportation",
        "duration": 0.67
      },
      "minecraft:on_use": {
        "on_use": {
          "event": "morph:teleportation"
        }
      }
    },
    "events": {
      "morph:teleportation": {
        "shoot": {
          "projectile": "morph:teleportation",
          "launch_power": 1,
          "angle_offset": 0
        }
      }
    }
  }
}