{
  "format_version": "1.16.100",
  "minecraft:item": {
    "description": {
      "identifier": "morph:unusable_splash_potion",
      "category": "none"
    },
    "components": {
      "minecraft:icon": {
        "texture": "morph:potion_bottle_splash_unusable"
      },
      "minecraft:max_stack_size": 1,
      "minecraft:on_use": {
        "on_use": {
          "event": "morph:on_use",
          "target": "self"
        }
      }
    },
    "events": {
      "morph:on_use": {
      }
    }
  }
}