{
  "tiers": [
    {
      "total_exp_required": 0,
      "groups": [
        {
          "num_to_select": 1,
          "trades": [
            {
              "wants": [
                {
                  "item": "venezuela:un_millon",
                  "quantity": 1,
                  "price_multiplier": 0.05
                }
              ],
              "gives": [
                {
                  "item": "appleplus:moneda",
                  "quantity": 1
                }
              ],
              "trader_exp": 2,
              "max_uses": 99999999,
              "reward_exp": false
            }
          ]
        },
        {
          "num_to_select": 1,
          "trades": [
            {
              "wants": [
                {
                  "item": "appleplus:bolsa_moneda",
                  "quantity": 3,
                  "price_multiplier": 0.05
                }
              ],
              "gives": [
                {
                  "choice": [
                    {
                      "item": "elytra",
                      "quantity": 1
                    },
                    {
                      "item": "shulker_shell",
                      "quantity": 1
                    },
                    {
                      "item": "ancient_debris",
                      "quantity": 1
                    }
                  ]
                }
              ],
              "trader_exp": 2,
              "max_uses": 10,
              "reward_exp": false
            }
          ]
        },
        {
          "num_to_select": 1,
          "trades": [
            {
              "wants": [
                {
                  "item": "appleplus:masa_de_experiencia",
                  "quantity": 1,
                  "price_multiplier": 0.05
                }
              ],
              "gives": [
                {
                  "item": "appleplus:moneda",
                  "quantity": 5
                }
              ],
              "trader_exp": 2,
              "max_uses": 99999999,
              "reward_exp": false
            }
          ]
        },
        {
          "num_to_select": 1,
          "trades": [
            {
              "wants": [
                {
                  "item": "appleplus:moneda",
                  "quantity": 5,
                  "price_multiplier": 0.05
                }
              ],
              "gives": [
                {
                  "item": "experience_bottle",
                  "quantity": 25
                }
              ],
              "trader_exp": 2,
              "max_uses": 99999999,
              "reward_exp": false
            }
          ]
        },
        {
          "num_to_select": 1,
          "trades": [
            {
              "wants": [
                {
                  "item": "appleplus:pila_moneda",
                  "quantity": 1,
                  "price_multiplier": 0.05
                }
              ],
              "gives": [
                {
                  "item": "npc:lucky_block",
                  "quantity": 1
                }
              ],
              "trader_exp": 2,
              "max_uses": 99999999,
              "reward_exp": false
            }
          ]
        },
        {
          "num_to_select": 1,
          "trades": [
            {
              "wants": [
                {
                  "choice": [
                    {
                      "item": "cobblestone",
                      "quantity": 64
                    },
                    {
                      "item": "dirt",
                      "quantity": 64
                    },
                    {
                      "item": "gravel",
                      "quantity": 32
                    },
                    {
                      "item": "netherrack",
                      "quantity": 64
                    },
                    {
                      "item": "cobbled_deepslate",
                      "quantity": 16
                    },
                    {
                      "item": "dripstone_block",
                      "quantity": 16
                    }
                  ]
                }
              ],
              "gives": [
                {
                  "item": "appleplus:moneda",
                  "quantity": 1
                }
              ],
              "trader_exp": 15,
              "max_uses": 8,
              "reward_exp": true
            }
          ]
        },
        {
          "num_to_select": 1,
          "trades": [
            {
              "wants": [
                {
                  "choice": [
                    {
                      "item": "emerald",
                      "quantity": 3
                    },
                    {
                      "item": "appleplus:alma",
                      "quantity": 6
                    },
                    {
                      "item": "diamond",
                      "quantity": 12
                    },
                    {
                      "item": "iron_ingot",
                      "quantity": 30
                    },
                    {
                      "item": "gold_ingot",
                      "quantity": 35
                    }
                  ]
                }
              ],
              "gives": [
                {
                  "item": "appleplus:pila_moneda",
                  "quantity": 1
                }
              ],
              "trader_exp": 20,
              "max_uses": 8,
              "reward_exp": true
            }
          ]
        },
        {
          "num_to_select": 1,
          "trades": [
            {
              "wants": [
                {
                  "choice": [
                    {
                      "item": "melon_block",
                      "quantity": 10
                    },
                    {
                      "item": "pumpkin",
                      "quantity": 16
                    },
                    {
                      "item": "potato",
                      "quantity": 48
                    },
                    {
                      "item": "wheat",
                      "quantity": 48
                    },
                    {
                      "item": "carrot",
                      "quantity": 64
                    },
                    {
                      "item": "beetroot",
                      "quantity": 35
                    },
                    {
                      "item": "bamboo",
                      "quantity": 64
                    },
                    {
                      "item": "reeds",
                      "quantity": 64
                    },
                    {
                      "item": "brown_mushroom",
                      "quantity": 10
                    },
                    {
                      "item": "red_mushroom",
                      "quantity": 10
                    },
                    {
                      "item": "nether_wart",
                      "quantity": 32
                    }
                  ]
                }
              ],
              "gives": [
                {
                  "item": "appleplus:moneda",
                  "quantity": 5
                }
              ],
              "trader_exp": 10,
              "max_uses": 10,
              "reward_exp": true
            }
          ]
        },
        {
          "num_to_select": 1,
          "trades": [
            {
              "wants": [
                {
                  "choice": [
                    {
                      "item": "porkchop",
                      "quantity": 32
                    },
                    {
                      "item": "beef",
                      "quantity": 32
                    },
                    {
                      "item": "chicken",
                      "quantity": 32
                    },
                    {
                      "item": "rabbit",
                      "quantity": 20
                    },
                    {
                      "item": "mutton",
                      "quantity": 32
                    },
                    {
                      "item": "fish",
                      "quantity": 64
                    }
                  ]
                }
              ],
              "gives": [
                {
                  "item": "appleplus:moneda",
                  "quantity": 15
                }
              ],
              "trader_exp": 15,
              "max_uses": 10,
              "reward_exp": true
            }
          ]
        },
        {
          "num_to_select": 1,
          "trades": [
            {
              "wants": [
                {
                  "choice": [
                    {
                      "item": "stick",
                      "quantity": 64
                    },
                    {
                      "item": "arrow:0",
                      "quantity": 25
                    },
                    {
                      "item": "gunpowder",
                      "quantity": 15
                    },
                    {
                      "item": "rotten_flesh",
                      "quantity": 40
                    },
                    {
                      "item": "egg",
                      "quantity": 16
                    },
                    {
                      "item": "leather",
                      "quantity": 4
                    },
                    {
                      "item": "string",
                      "quantity": 10
                    }
                  ]
                }
              ],
              "gives": [
                {
                  "item": "appleplus:moneda",
                  "quantity": 4
                }
              ],
              "trader_exp": 20,
              "max_uses": 10,
              "reward_exp": true
            }
          ]
        }
      ]
    }
  ]
}
