{
  "globalEnabled": true,
  "overridesEnabledInServerMode": false,
  "combatCooldown": 16.0,
  "fadeOutTime": 2.0,
  "global": {
    "pieces": {
      "ELYTRA": {
        "transparency": 100
      },
      "SHIELD": {
        "transparency": 100
      },
      "LEGS": {
        "transparency": 0
      },
      "HEAD": {
        "transparency": 0
      },
      "HAT": {
        "transparency": 100
      },
      "FEET": {
        "transparency": 0
      },
      "CHEST": {
        "transparency": 0
      }
    },
    "trims": {
      "FEET": {
        "transparency": 0
      },
      "CHEST": {
        "transparency": 0
      },
      "MAINHAND": {
        "transparency": 100
      },
      "OFFHAND": {
        "transparency": 100
      },
      "HEAD": {
        "transparency": 0
      },
      "LEGS": {
        "transparency": 0
      }
    },
    "glints": {
      "ELYTRA": {
        "transparency": 100
      },
      "SHIELD": {
        "transparency": 100
      },
      "LEGS": {
        "transparency": 100
      },
      "HEAD": {
        "transparency": 100
      },
      "HAT": {
        "transparency": 100
      },
      "FEET": {
        "transparency": 100
      },
      "CHEST": {
        "transparency": 100
      }
    },
    "showInCombat": true,
    "showNameTag": true
  },
  "overrides": {
    "d5047556-5517-4a5e-a00c-e7e82d1e20da": {
      "pieces": {
        "ELYTRA": {
          "transparency": 100
        },
        "SHIELD": {
          "transparency": 100
        },
        "LEGS": {
          "transparency": 0
        },
        "HEAD": {
          "transparency": 0
        },
        "HAT": {
          "transparency": 100
        },
        "FEET": {
          "transparency": 0
        },
        "CHEST": {
          "transparency": 0
        }
      },
      "trims": {
        "FEET": {
          "transparency": 0
        },
        "CHEST": {
          "transparency": 0
        },
        "MAINHAND": {
          "transparency": 100
        },
        "OFFHAND": {
          "transparency": 100
        },
        "HEAD": {
          "transparency": 0
        },
        "LEGS": {
          "transparency": 0
        }
      },
      "glints": {
        "ELYTRA": {
          "transparency": 100
        },
        "SHIELD": {
          "transparency": 100
        },
        "LEGS": {
          "transparency": 100
        },
        "HEAD": {
          "transparency": 100
        },
        "HAT": {
          "transparency": 100
        },
        "FEET": {
          "transparency": 100
        },
        "CHEST": {
          "transparency": 100
        }
      },
      "showInCombat": true,
      "showNameTag": true
    }
  }
}