{
  "format_version": "1.12",
  "minecraft:recipe_shapeless": {
    "description": {
      "identifier": "venezuela:dos_a_millon"
    },
    "groups": [
      "venezuela"
    ],
    "tags": [
      "crafting_table"
    ],
    "ingredients": [
      {
        "item": "venezuela:doscientos_mil"
      },
      {
        "item": "venezuela:doscientos_mil"
      },
      {
        "item": "venezuela:doscientos_mil"
      },
      {
        "item": "venezuela:doscientos_mil"
      },
      {
        "item": "venezuela:doscientos_mil"
      }
    ],
    "result": {
      "item": "venezuela:un_millon",
      "count": 1
    }
  }
}