{
  "format_version": "1.12",
  "minecraft:recipe_shapeless": {
    "description": {
      "identifier": "venezuela:receta_hallaca"
    },
    "groups": [
      "venezuela"
    ],
    "tags": [
      "crafting_table"
    ],
    "ingredients": [
      {
        "item": "minecraft:leaves"
      },
      {
        "item": "minecraft:chicken"
      },
      {
        "item": "minecraft:wheat"
      }
    ],
    "result": {
      "item": "venezuela:hallaca",
      "count": 2
    }
  }
}