{
  "format_version": "1.12",
  "minecraft:recipe_shaped": {
    "description": {
    "identifier": "venezuela:pancrudo"
    },

    
    "tags": [ "crafting_table" ],
    "pattern": [
      " A ",
      "BCB",
      " E "
    ],
    "key": {
      "A": {
        "item": "honey_bottle"
      },
      "B": {
        "item": "minecraft:wheat"
      },
      "C": {
        "item": "venezuela:masamadre"
      },
      "E": {
        "item": "minecraft:golden_apple"
      }
    },
    "result": [
      { "item": "venezuela:pancrudo" },
      { "item": "minecraft:glass_bottle" }
    ]
  }
}