{
  "format_version": "1.16.0",
  "minecraft:entity": {
    "description": {
      "identifier": "disenchanter:slot",
      "is_spawnable": false,
      "is_summonable": true,
      "is_experimental": false
    },
    "component_groups": {
		"despawn":{
			"minecraft:instant_despawn":{}
		}
    },

    "components": {
	  "minecraft:inventory": {
        "inventory_size": 1,
		"private": true
      },
	  "minecraft:block_sensor": {
		"sensor_radius": 0.4,
		"on_break": [
        {
            "block_list": [
                "disenchanter:disenchanting_table_block"
            ],
            "on_block_broken": "despawn"
        }
		]
		},
      "minecraft:is_hidden_when_invisible": {
      },
      "minecraft:type_family": {
        "family": [ "slot", "disenchanter" ]
      },
      "minecraft:breathable": {
        "total_supply": 15,
        "suffocate_time": 0
      },
      "minecraft:collision_box": {
        "width": 0,
        "height": 0
      },
      "minecraft:damage_sensor": {
        "triggers": {
          "cause": "all",
          "deals_damage": false
        }
      },
      "minecraft:movement": {
        "value": 0
      },
      "minecraft:health": {
        "value": 6,
        "max": 6
      },
	  "minecraft:nameable":{},
      "minecraft:physics": {
		  "has_collision": false,
		  "has_gravity": false
      },
      "minecraft:conditional_bandwidth_optimization": {
      }
    },

    "events": {
		"despawn":{			
			"add":{"component_groups":["despawn"]}
		}
    }
  }
}
