{
  "tiers": [
    {
      "total_exp_required": 0,
      "groups": [
        {
          "num_to_select": 1,
          "trades": [
            {
              "wants": [
                {
                  "item": "minecraft:paper",
                  "quantity": 4,
                  "price_multiplier": 0.05
                },
                {
                  "item": "minecraft:leather",
                  "quantity": 2,
                  "price_multiplier": 0.2
                }
              ],
              "gives": [
                {
                  "item": "appleplus:moneda",
                  "quantity": 3
                }
              ],
              "trader_exp": 2,
              "max_uses": 16,
              "reward_exp": true
            }
          ]
        },
        {
          "num_to_select": 1,
          "trades": [
            {
              "wants": [
                {
                  "item": "appleplus:moneda",
                  "quantity": 9,
                  "price_multiplier": 0.5
                }
              ],
              "gives": [
                {
                  "item": "minecraft:bookshelf",
                  "quantity": 1
                }
              ],
              "trader_exp": 1,
              "max_uses": 12,
              "reward_exp": true
            }
          ]
        },
        {
          "num_to_select": 1,
          "trades": [
            {
              "wants": [
                {
                  "item": "appleplus:moneda",
                  "quantity": 8,
                  "price_multiplier": 0.05
                },
                {
                  "item": "appleplus:masa_de_experiencia",
                  "quantity": 1,
                  "price_multiplier": 0.2
                }
              ],
              "gives": [
                {
                  "item": "minecraft:book",
                  "quantity": 1,
                  "functions": [
                    {
                      "function": "enchant_book_for_trading",
                      "base_cost": 2,
                      "base_random_cost": 5,
                      "per_level_random_cost": 10,
                      "per_level_cost": 3
                    }
                  ]
                }
              ],
              "trader_exp": 1,
              "max_uses": 3,
              "reward_exp": true
            }
          ]
        },
        {
          "num_to_select": 1,
          "trades": [
            {
              "wants": [
                {
                  "item": "appleplus:moneda",
                  "quantity": 10,
                  "price_multiplier": 0.2
                },
                {
                  "item": "appleplus:masa_de_experiencia",
                  "quantity": 1,
                  "price_multiplier": 0.2
                }
              ],
              "gives": [
                {
                  "item": "minecraft:book",
                  "quantity": 1,
                  "functions": [
                    {
                      "function": "enchant_book_for_trading",
                      "base_cost": 2,
                      "base_random_cost": 5,
                      "per_level_random_cost": 10,
                      "per_level_cost": 3
                    }
                  ]
                }
              ],
              "trader_exp": 5,
              "max_uses": 12,
              "reward_exp": true
            }
          ]
        },
        {
          "num_to_select": 1,
          "trades": [
            {
              "wants": [
                {
                  "item": "appleplus:moneda",
                  "quantity": 8,
                  "price_multiplier": 0.05
                },
                {
                  "item": "appleplus:masa_de_experiencia",
                  "quantity": 1,
                  "price_multiplier": 0.2
                }
              ],
              "gives": [
                {
                  "item": "minecraft:book",
                  "quantity": 1,
                  "functions": [
                    {
                      "function": "enchant_book_for_trading",
                      "base_cost": 2,
                      "base_random_cost": 5,
                      "per_level_random_cost": 10,
                      "per_level_cost": 3
                    }
                  ]
                }
              ],
              "trader_exp": 1,
              "max_uses": 3,
              "reward_exp": true
            }
          ]
        },
        {
          "num_to_select": 1,
          "trades": [
            {
              "wants": [
                {
                  "item": "appleplus:moneda",
                  "quantity": 8,
                  "price_multiplier": 0.05
                },
                {
                  "item": "appleplus:masa_de_experiencia",
                  "quantity": 1,
                  "price_multiplier": 0.2
                }
              ],
              "gives": [
                {
                  "item": "minecraft:book",
                  "quantity": 1,
                  "functions": [
                    {
                      "function": "enchant_book_for_trading",
                      "base_cost": 2,
                      "base_random_cost": 5,
                      "per_level_random_cost": 10,
                      "per_level_cost": 3
                    }
                  ]
                }
              ],
              "trader_exp": 1,
              "max_uses": 3,
              "reward_exp": true
            }
          ]
        },
        {
          "num_to_select": 1,
          "trades": [
            {
              "wants": [
                {
                  "item": "appleplus:moneda",
                  "quantity": 8,
                  "price_multiplier": 0.05
                },
                {
                  "item": "appleplus:masa_de_experiencia",
                  "quantity": 1,
                  "price_multiplier": 0.2
                }
              ],
              "gives": [
                {
                  "item": "minecraft:book",
                  "quantity": 1,
                  "functions": [
                    {
                      "function": "enchant_book_for_trading",
                      "base_cost": 2,
                      "base_random_cost": 5,
                      "per_level_random_cost": 10,
                      "per_level_cost": 3
                    }
                  ]
                }
              ],
              "trader_exp": 1,
              "max_uses": 3,
              "reward_exp": true
            }
          ]
        },
        {
          "num_to_select": 1,
          "trades": [
            {
              "wants": [
                {
                  "item": "appleplus:moneda",
                  "quantity": 10,
                  "price_multiplier": 0.2
                },
                {
                  "item": "appleplus:masa_de_experiencia",
                  "quantity": 1,
                  "price_multiplier": 0.2
                }
              ],
              "gives": [
                {
                  "item": "minecraft:book",
                  "quantity": 1,
                  "functions": [
                    {
                      "function": "enchant_book_for_trading",
                      "base_cost": 2,
                      "base_random_cost": 5,
                      "per_level_random_cost": 10,
                      "per_level_cost": 3
                    }
                  ]
                }
              ],
              "trader_exp": 5,
              "max_uses": 12,
              "reward_exp": true
            }
          ]
        },
        {
          "num_to_select": 1,
          "trades": [
            {
              "wants": [
                {
                  "item": "appleplus:pila_moneda",
                  "quantity": 5,
                  "price_multiplier": 0.2
                },
                {
                  "item": "minecraft:compass",
                  "quantity": 1,
                  "price_multiplier": 0.2
                }
              ],
              "gives": [
                {
                  "item": "minecraft:map",
                  "functions": [
                    {
                      "function": "exploration_map",
                      "destination": "buriedtreasure"
                    }
                  ]
                }
              ],
              "trader_exp": 5,
              "max_uses": 2,
              "reward_exp": true
            }
          ]
        },
        {
          "num_to_select": 1,
          "trades": [
            {
              "wants": [
                {
                  "item": "appleplus:pila_moneda",
                  "quantity": 32,
                  "price_multiplier": 0.2
                },
                {
                  "item": "minecraft:compass",
                  "quantity": 1,
                  "price_multiplier": 0.2
                }
              ],
              "gives": [
                {
                  "item": "minecraft:map",
                  "functions": [
                    {
                      "function": "exploration_map",
                      "destination": "mansion"
                    }
                  ]
                }
              ],
              "trader_exp": 5,
              "max_uses": 2,
              "reward_exp": true
            }
          ]
        },
        {
          "num_to_select": 1,
          "trades": [
            {
              "wants": [
                {
                  "item": "appleplus:pila_moneda",
                  "quantity": 13,
                  "price_multiplier": 0.2
                },
                {
                  "item": "minecraft:compass",
                  "quantity": 1,
                  "price_multiplier": 0.2
                }
              ],
              "gives": [
                {
                  "item": "minecraft:map",
                  "functions": [
                    {
                      "function": "exploration_map",
                      "destination": "monument"
                    }
                  ]
                }
              ],
              "trader_exp": 5,
              "max_uses": 2,
              "reward_exp": true
            }
          ]
        },
        {
          "num_to_select": 1,
          "trades": [
            {
              "wants": [
                {
                  "item": "appleplus:bolsa_moneda",
                  "quantity": 5,
                  "price_multiplier": 0.05
                }
              ],
              "gives": [
                {
                  "item": "spire_armor_trim_smithing_template",
                  "quantity": 1
                }
              ],
              "trader_exp": 20,
              "max_uses": 1,
              "reward_exp": true
            }
          ]
        },
        {
          "num_to_select": 1,
          "trades": [
            {
              "wants": [
                {
                  "item": "appleplus:bolsa_moneda",
                  "quantity": 3,
                  "price_multiplier": 0.05
                }
              ],
              "gives": [
                {
                  "item": "netherite_upgrade_smithing_template",
                  "quantity": 1
                }
              ],
              "trader_exp": 20,
              "max_uses": 1,
              "reward_exp": true
            }
          ]
        },
        {
          "num_to_select": 1,
          "trades": [
            {
              "wants": [
                {
                  "item": "appleplus:bolsa_moneda",
                  "quantity": 2,
                  "price_multiplier": 0.05
                }
              ],
              "gives": [
                {
                  "item": "snout_armor_trim_smithing_template",
                  "quantity": 1
                }
              ],
              "trader_exp": 20,
              "max_uses": 1,
              "reward_exp": true
            }
          ]
        },
        {
          "num_to_select": 1,
          "trades": [
            {
              "wants": [
                {
                  "item": "appleplus:pila_moneda",
                  "quantity": 8,
                  "price_multiplier": 0.05
                }
              ],
              "gives": [
                {
                  "item": "rib_armor_trim_smithing_template",
                  "quantity": 1
                }
              ],
              "trader_exp": 20,
              "max_uses": 1,
              "reward_exp": true
            }
          ]
        },
        {
          "num_to_select": 1,
          "trades": [
            {
              "wants": [
                {
                  "item": "appleplus:pila_moneda",
                  "quantity": 27,
                  "price_multiplier": 0.05
                }
              ],
              "gives": [
                {
                  "item": "eye_armor_trim_smithing_template",
                  "quantity": 1
                }
              ],
              "trader_exp": 20,
              "max_uses": 1,
              "reward_exp": true
            }
          ]
        },
        {
          "num_to_select": 1,
          "trades": [
            {
              "wants": [
                {
                  "item": "appleplus:pila_moneda",
                  "quantity": 22,
                  "price_multiplier": 0.05
                }
              ],
              "gives": [
                {
                  "item": "ward_armor_trim_smithing_template",
                  "quantity": 1
                }
              ],
              "trader_exp": 20,
              "max_uses": 1,
              "reward_exp": true
            }
          ]
        },
        {
          "num_to_select": 1,
          "trades": [
            {
              "wants": [
                {
                  "item": "appleplus:pila_moneda",
                  "quantity": 17,
                  "price_multiplier": 0.05
                }
              ],
              "gives": [
                {
                  "item": "vex_armor_trim_smithing_template",
                  "quantity": 1
                }
              ],
              "trader_exp": 20,
              "max_uses": 1,
              "reward_exp": true
            }
          ]
        },
        {
          "num_to_select": 1,
          "trades": [
            {
              "wants": [
                {
                  "item": "appleplus:pila_moneda",
                  "quantity": 17,
                  "price_multiplier": 0.05
                }
              ],
              "gives": [
                {
                  "item": "silence_armor_trim_smithing_template",
                  "quantity": 1
                }
              ],
              "trader_exp": 20,
              "max_uses": 1,
              "reward_exp": true
            }
          ]
        },
        {
          "num_to_select": 1,
          "trades": [
            {
              "wants": [
                {
                  "item": "appleplus:pila_moneda",
                  "quantity": 12,
                  "price_multiplier": 0.05
                }
              ],
              "gives": [
                {
                  "item": "wild_armor_trim_smithing_template",
                  "quantity": 1
                }
              ],
              "trader_exp": 20,
              "max_uses": 1,
              "reward_exp": true
            }
          ]
        },
        {
          "num_to_select": 1,
          "trades": [
            {
              "wants": [
                {
                  "item": "appleplus:pila_moneda",
                  "quantity": 9,
                  "price_multiplier": 0.05
                }
              ],
              "gives": [
                {
                  "item": "tide_armor_trim_smithing_template",
                  "quantity": 1
                }
              ],
              "trader_exp": 20,
              "max_uses": 1,
              "reward_exp": true
            }
          ]
        },
        {
          "num_to_select": 1,
          "trades": [
            {
              "wants": [
                {
                  "item": "appleplus:pila_moneda",
                  "quantity": 7,
                  "price_multiplier": 0.05
                }
              ],
              "gives": [
                {
                  "item": "coast_armor_trim_smithing_template",
                  "quantity": 1
                }
              ],
              "trader_exp": 20,
              "max_uses": 1,
              "reward_exp": true
            }
          ]
        },
        {
          "num_to_select": 1,
          "trades": [
            {
              "wants": [
                {
                  "item": "appleplus:pila_moneda",
                  "quantity": 5,
                  "price_multiplier": 0.05
                }
              ],
              "gives": [
                {
                  "item": "host_armor_trim_smithing_template",
                  "quantity": 1
                }
              ],
              "trader_exp": 20,
              "max_uses": 1,
              "reward_exp": true
            }
          ]
        },
        {
          "num_to_select": 1,
          "trades": [
            {
              "wants": [
                {
                  "item": "appleplus:pila_moneda",
                  "quantity": 5,
                  "price_multiplier": 0.05
                }
              ],
              "gives": [
                {
                  "item": "raiser_armor_trim_smithing_template",
                  "quantity": 1
                }
              ],
              "trader_exp": 20,
              "max_uses": 1,
              "reward_exp": true
            }
          ]
        },
        {
          "num_to_select": 1,
          "trades": [
            {
              "wants": [
                {
                  "item": "appleplus:pila_moneda",
                  "quantity": 5,
                  "price_multiplier": 0.05
                }
              ],
              "gives": [
                {
                  "item": "shaper_armor_trim_smithing_template",
                  "quantity": 1
                }
              ],
              "trader_exp": 20,
              "max_uses": 1,
              "reward_exp": true
            }
          ]
        },
        {
          "num_to_select": 1,
          "trades": [
            {
              "wants": [
                {
                  "item": "appleplus:pila_moneda",
                  "quantity": 5,
                  "price_multiplier": 0.05
                }
              ],
              "gives": [
                {
                  "item": "wayfinder_armor_trim_smithing_template",
                  "quantity": 1
                }
              ],
              "trader_exp": 20,
              "max_uses": 1,
              "reward_exp": true
            }
          ]
        },
        {
          "num_to_select": 1,
          "trades": [
            {
              "wants": [
                {
                  "item": "appleplus:pila_moneda",
                  "quantity": 4,
                  "price_multiplier": 0.05
                }
              ],
              "gives": [
                {
                  "item": "dune_armor_trim_smithing_template",
                  "quantity": 1
                }
              ],
              "trader_exp": 20,
              "max_uses": 1,
              "reward_exp": true
            }
          ]
        },
        {
          "num_to_select": 1,
          "trades": [
            {
              "wants": [
                {
                  "item": "appleplus:pila_moneda",
                  "quantity": 4,
                  "price_multiplier": 0.05
                }
              ],
              "gives": [
                {
                  "item": "sentry_armor_trim_smithing_template",
                  "quantity": 1
                }
              ],
              "trader_exp": 20,
              "max_uses": 1,
              "reward_exp": true
            }
          ]
        },
        {
          "num_to_select": 1,
          "trades": [
            {
              "wants": [
                {
                  "item": "appleplus:cianita",
                  "quantity": 1,
                  "price_multiplier": 0.05
                }
              ],
              "gives": [
                {
                  "item": "appleplus:bolsa_moneda",
                  "quantity": 5
                }
              ],
              "trader_exp": 6,
              "max_uses": 16,
              "reward_exp": true
            }
          ]
        },
        {
          "num_to_select": 1,
          "trades": [
            {
              "wants": [
                {
                  "item": "appleplus:peridoto",
                  "quantity": 1,
                  "price_multiplier": 0.05
                }
              ],
              "gives": [
                {
                  "item": "appleplus:bolsa_moneda",
                  "quantity": 5
                }
              ],
              "trader_exp": 6,
              "max_uses": 16,
              "reward_exp": true
            }
          ]
        },
        {
          "num_to_select": 1,
          "trades": [
            {
              "wants": [
                {
                  "item": "appleplus:espinela",
                  "quantity": 1,
                  "price_multiplier": 0.05
                }
              ],
              "gives": [
                {
                  "item": "appleplus:bolsa_moneda",
                  "quantity": 5
                }
              ],
              "trader_exp": 6,
              "max_uses": 16,
              "reward_exp": true
            }
          ]
        },
        {
          "num_to_select": 1,
          "trades": [
            {
              "wants": [
                {
                  "item": "npc:adalita",
                  "quantity": 1,
                  "price_multiplier": 0.05
                }
              ],
              "gives": [
                {
                  "item": "appleplus:bolsa_moneda",
                  "quantity": 20
                }
              ],
              "trader_exp": 6,
              "max_uses": 16,
              "reward_exp": true
            }
          ]
        }
        
      ]
    }
  ]
}