{
  "tiers": [
    {
      "total_exp_required": 0,
      "groups": [
        {
          "num_to_select": 1,
          "trades": [
            {
              "wants": [
                {
                  "item": "appleplus:pila_moneda",
                  "quantity": 2,
                  "price_multiplier": 0.05
                }
              ],
              "gives": [
                {
                  "item": "venezuela:panmadre",
                  "quantity": 1,
                  "functions": [
                    {
                      "function": "set_lore",
                      "lore": [
                        "§bRegeneración - Absorción - Resistencia",
                        " ",
                        "§r @migluten\n"
                      ]
                    }
                  ]
                }
              ],
              "trader_exp": 20,
              "max_uses": 99999999,
              "reward_exp": true
            }
          ]
        },
        {
          "num_to_select": 1,
          "trades": [
            {
              "wants": [
                {
                  "item": "appleplus:moneda",
                  "quantity": 4,
                  "price_multiplier": 0.05
                }
              ],
              "gives": [
                {
                  "item": "venezuela:tequeno",
                  "quantity": 1
                }
              ],
              "trader_exp": 2,
              "max_uses": 99999999,
              "reward_exp": false
            }
          ]
        },
        {
          "num_to_select": 1,
          "trades": [
            {
              "wants": [
                {
                  "item": "appleplus:moneda",
                  "quantity": 6,
                  "price_multiplier": 0.05
                }
              ],
              "gives": [
                {
                  "item": "venezuela:arepa",
                  "quantity": 1,
                  "functions": [
                    {
                      "function": "set_lore",
                      "lore": [
                        "§bMuy nutritiva"
                      ]
                    }
                  ]
                }
              ],
              "trader_exp": 2,
              "max_uses": 99999999,
              "reward_exp": false
            }
          ]
        },
        {
          "num_to_select": 1,
          "trades": [
            {
              "wants": [
                {
                  "item": "appleplus:moneda",
                  "quantity": 10,
                  "price_multiplier": 0.05
                }
              ],
              "gives": [
                {
                  "item": "venezuela:hallaca",
                  "quantity": 1
                }
              ],
              "trader_exp": 2,
              "max_uses": 99999999,
              "reward_exp": false
            }
          ]
        },
        {
          "num_to_select": 1,
          "trades": [
            {
              "wants": [
                {
                  "item": "appleplus:moneda",
                  "quantity": 8,
                  "price_multiplier": 0.05
                }
              ],
              "gives": [
                {
                  "item": "venezuela:frescolita",
                  "quantity": 1,
                  "functions": [
                    {
                      "function": "set_lore",
                      "lore": [
                        "§bPrisa minera"
                      ]
                    }
                  ]
                }
              ],
              "trader_exp": 2,
              "max_uses": 99999999,
              "reward_exp": false
            }
          ]
        },
        {
          "num_to_select": 1,
          "trades": [
            {
              "wants": [
                {
                  "item": "appleplus:moneda",
                  "quantity": 3,
                  "price_multiplier": 0.05
                }
              ],
              "gives": [
                {
                  "item": "venezuela:maltin_polar",
                  "quantity": 1
                }
              ],
              "trader_exp": 2,
              "max_uses": 99999999,
              "reward_exp": false
            }
          ]
        },
        {
          "num_to_select": 1,
          "trades": [
            {
              "wants": [
                {
                  "item": "appleplus:moneda",
                  "quantity": 2,
                  "price_multiplier": 0.05
                }
              ],
              "gives": [
                {
                  "item": "venezuela:chicha",
                  "quantity": 1
                }
              ],
              "trader_exp": 2,
              "max_uses": 99999999,
              "reward_exp": false
            }
          ]
        }
      ]
    }
  ]
}