{
    "format_version": "1.16.100",
    "minecraft:recipe_shaped": {
        "description": {
            "identifier": "tomb:key_config"
        },
        "tags": ["crafting_table"],
        "pattern": ["B", "B", "A"],
        "key": {
            "A": {
                "item": "minecraft:iron_ingot"
            },
            "B": {
                "item": "minecraft:iron_nugget"
            }
        },
        "result": {
            "item": "tomb:key_config"
        }
    }
}
