{
  "format_version": "1.12",
  "minecraft:recipe_shaped": {
    "description": {
      "identifier": "craftable_portals_tiny_addons:endportalframe"
    },
    "groups": [
      "craftable_portals_tiny_addons"
    ],
    "tags": [
      "crafting_table"
    ],
    "pattern": [
      "012",
      "345",
      "678"
    ],
    "key": {
      "0": {
        "item": "minecraft:ender_pearl"
      },
      "1": {
        "item": "minecraft:ender_pearl"
      },
      "2": {
        "item": "minecraft:ender_pearl"
      },
      "3": {
        "item": "minecraft:ender_pearl"
      },
      "4": {
        "item": "minecraft:end_stone"
      },
      "5": {
        "item": "minecraft:ender_pearl"
      },
      "6": {
        "item": "minecraft:ender_pearl"
      },
      "7": {
        "item": "minecraft:ender_pearl"
      },
      "8": {
        "item": "minecraft:ender_pearl"
      }
    },
    "result": {
      "item": "minecraft:end_portal_frame",
      "count": 1
    }
  }
}