{
	"credit": "Made with Blockbench",
	"textures": {
		"1": "block/nether_porta_flash1",
		"2": "block/nether_porta_flash2",
		"particle": "block/nether_portal",
		"portal": "block/nether_portal"
	},
	"elements": [
		{
			"from": [6, 0, 0],
			"to": [10, 16, 16],
			"faces": {
				"east": {"uv": [0, 0, 16, 16], "texture": "#portal"},
				"west": {"uv": [0, 0, 16, 16], "texture": "#portal"}
			}
		},
		{
			"from": [-10, 6, 0],
			"to": [6, 6, 16],
			"rotation": {"angle": 0, "axis": "y", "origin": [8, 0, 8]},
			"faces": {
				"north": {"uv": [0, 0, 16, 0], "texture": "#missing"},
				"east": {"uv": [0, 0, 16, 0], "texture": "#missing"},
				"south": {"uv": [0, 0, 16, 0], "texture": "#missing"},
				"west": {"uv": [0, 0, 16, 0], "texture": "#missing"},
				"up": {"uv": [16, 0, 0, 16], "rotation": 270, "texture": "#2"},
				"down": {"uv": [16, 16, 0, 0], "rotation": 90, "texture": "#2"}
			}
		},
		{
			"from": [-10, 6, 16],
			"to": [6, 6, 32],
			"rotation": {"angle": 0, "axis": "y", "origin": [8, 0, 8]},
			"faces": {
				"north": {"uv": [0, 0, 16, 0], "texture": "#missing"},
				"east": {"uv": [0, 0, 16, 0], "texture": "#missing"},
				"south": {"uv": [0, 0, 16, 0], "texture": "#missing"},
				"west": {"uv": [0, 0, 16, 0], "texture": "#missing"},
				"up": {"uv": [16, 0, 0, 16], "rotation": 270, "texture": "#1"},
				"down": {"uv": [16, 16, 0, 0], "rotation": 90, "texture": "#1"}
			}
		}
	]
}