{
	"format_version": "1.8.0",
	"minecraft:spawn_rules": {
		"description": {
			"identifier": "muc:treasure_chest",
			"population_control": "animal"
		},
		"conditions": [
			{
				"minecraft:spawns_on_surface": {
				},
				"minecraft:brightness_filter": {
					"min": 7,
					"max": 15,
					"adjust_for_weather": false
				},
				"minecraft:weight": {
					"default": 10
				},
				"minecraft:biome_filter": [
					{
						"test": "has_biome_tag",
						"operator": "==",
						"value": "beach"
					},
					{
						"test": "has_biome_tag",
						"operator": "==",
						"value": "desert"
					},
					{
						"test": "has_biome_tag",
						"operator": "==",
						"value": "mesa"
					}
				]
			}
		]
	}
}