{
	"format_version": "1.8.0",
	"minecraft:entity": {
		"description": {
			"identifier": "muc:chest_driver",
			"is_spawnable": true,
			"is_summonable": true,
			"is_experimental": false,
			"animations": {
				"soundeffect_cd": "controller.animation.soundeffect_cd",
				"soundeffect_cd_2": "controller.animation.soundeffect_cd_2",
				"remove_warning": "controller.animation.remove_warning",
				"when_transformed": "controller.animation.when_transformed_cd"
			},
			"scripts": {
				"animate": [ "soundeffect_cd", "soundeffect_cd_2", "remove_warning", "when_transformed" ]
			}
		},
		"component_groups": {
			"muc:remove_item": {
				"minecraft:is_sheared": {
				},
				"minecraft:timer": {
					"time": 0.1,
					"looping": false,
					"time_down_event": {
						"event": "x_remove_item"
					}
				}
			},

			"muc:untamed": {
				"minecraft:tameable": {
					"probability": 1.0,
					"tameItems": "minecraft:redstone",
					"tame_event": {
						"event": "tamed",
						"target": "self"
					}
				}
			},
			"muc:tamed": {
				"minecraft:is_tamed": {
				},
				"minecraft:healable": {
					"items": [
						{
							"item": "redstone",
							"heal_amount": 5
						}
					]
				}
			},
			"muc:controller": {
				"minecraft:interact": [
					{
						"on_interact": {
							"filters": {
								"all_of": [
									{
										"test": "is_family",
										"subject": "other",
										"value": "player"
									},
									{
										"test": "is_sneaking",
										"subject": "other",
										"value": true
									},
									{
										"test": "is_owner",
										"subject": "other",
										"value": true
									},
									{
										"test": "has_equipment",
										"subject": "other",
										"domain": "hand",
										"value": "muc:key"
									},
									{
										"test": "is_mark_variant",
										"subject": "self",
										"value": 101
									}
								]
							},
							"event": "pre_unlock"
						},
						"interact_text": "action.interact.chest_driver.open"
					},
					{
						"on_interact": {
							"filters": {
								"all_of": [
									{
										"test": "is_family",
										"subject": "other",
										"value": "player"
									},
									{
										"test": "is_sneaking",
										"subject": "other",
										"value": true
									},
									{
										"test": "is_owner",
										"subject": "other",
										"value": true
									},
									{
										"test": "has_equipment",
										"subject": "other",
										"domain": "hand",
										"value": "muc:key"
									},
									{
										"test": "is_mark_variant",
										"subject": "self",
										"value": 103
									}
								]
							},
							"event": "pre_lock"
						},
						"interact_text": "action.interact.chest_driver.close"
					},
					{
						"on_interact": {
							"filters": {
								"all_of": [
									{
										"test": "is_family",
										"subject": "other",
										"value": "player"
									},
									{
										"test": "is_sneaking",
										"subject": "other",
										"value": true
									},
									{
										"test": "is_owner",
										"subject": "other",
										"value": true
									},
									{
										"test": "is_variant",
										"subject": "self",
										"value": 1
									}
								]
							},
							"event": "off"
						},
						"interact_text": "action.interact.chest_driver.off"
					},
					{
						"on_interact": {
							"filters": {
								"all_of": [
									{
										"test": "is_family",
										"subject": "other",
										"value": "player"
									},
									{
										"test": "is_sneaking",
										"subject": "other",
										"value": true
									},
									{
										"test": "is_owner",
										"subject": "other",
										"value": true
									},
									{
										"test": "is_variant",
										"subject": "self",
										"value": 2
									}
								]
							},
							"event": "on"
						},
						"interact_text": "action.interact.chest_driver.on"
					}
				]
			},
			"muc:on": {
				"minecraft:behavior.follow_owner": {
					"priority": 5,
					"speed_multiplier": 1.0,
					"start_distance": 8,
					"stop_distance": 3
				},
				"minecraft:behavior.look_at_player": {
					"priority": 6,
					"target_distance": 4.5,
					"probability": 0.02
				},
				"minecraft:leashable": {
					"soft_distance": 4.0,
					"hard_distance": 7.0,
					"max_distance": 11.0,
					"on_leash": {
						"event": "minecraft:on_leash",
						"target": "self"
					},
					"on_unleash": {
						"event": "minecraft:on_unleash",
						"target": "self"
					}
				},
				"minecraft:variant": {
					"value": 1
				}
			},
			"muc:off": {
				"minecraft:variant": {
					"value": 2
				}
			},
			"muc:locked": {
				"minecraft:is_saddled": {
				},
				"minecraft:mark_variant": {
					"value": 101
				},
				"minecraft:inventory": {
					"container_type": "inventory",
					"inventory_size": 27,
					"private": true
				}
			},
			"muc:pre_unlock": {
				"minecraft:is_baby": {
				},
				"minecraft:mark_variant": {
					"value": 102
				},
				"minecraft:inventory": {
					"container_type": "inventory",
					"inventory_size": 27,
					"private": false
				},
				"minecraft:timer": {
					"time": 0.9,
					"looping": false,
					"time_down_event": {
						"event": "unlocked",
						"target": "self"
					}
				}
			},
			"muc:unlocked": {
				"minecraft:mark_variant": {
					"value": 103
				},
				"minecraft:inventory": {
					"container_type": "inventory",
					"inventory_size": 27,
					"private": false
				}
			},
			"muc:pre_lock": {
				"minecraft:mark_variant": {
					"value": 104
				},
				"minecraft:inventory": {
					"container_type": "inventory",
					"inventory_size": 27,
					"private": true
				},
				"minecraft:timer": {
					"time": 0.9,
					"looping": false,
					"time_down_event": {
						"event": "locked",
						"target": "self"
					}
				}
			},
			"muc:removing_component": {
				"minecraft:damage_sensor": [
					{
						"on_damage": {
							"filters": {
								"all_of": [
									{
										"test": "is_family",
										"subject": "other",
										"value": "player"
									},
									{
										"test": "is_sneaking",
										"subject": "other",
										"value": true
									},
									{
										"test": "has_equipment",
										"subject": "other",
										"domain": "hand",
										"value": "muc:crowbar"
									},
									{
										"test": "is_owner",
										"subject": "other",
										"value": true
									}
								]
							},
							"event": "remove_entity"
						},
						"deals_damage": false
					},
					{
						"cause": "any",
						"deals_damage": false
					}
				]
			},

			"muc:rt_1": {
				"minecraft:scale": {
					"value": 0.9
				},
				"minecraft:timer": {
					"time": 0.03,
					"looping": false,
					"time_down_event": {
						"event": "rt_2",
						"target": "self"
					}
				}
			},
			"muc:rt_2": {
				"minecraft:scale": {
					"value": 0.8
				},
				"minecraft:timer": {
					"time": 0.03,
					"looping": false,
					"time_down_event": {
						"event": "rt_3",
						"target": "self"
					}
				}
			},
			"muc:rt_3": {
				"minecraft:scale": {
					"value": 0.7
				},
				"minecraft:timer": {
					"time": 0.03,
					"looping": false,
					"time_down_event": {
						"event": "rt_4",
						"target": "self"
					}
				}
			},
			"muc:rt_4": {
				"minecraft:scale": {
					"value": 0.5
				},
				"minecraft:timer": {
					"time": 0.02,
					"looping": false,
					"time_down_event": {
						"event": "rt_5",
						"target": "self"
					}
				}
			},
			"muc:rt_5": {
				"minecraft:scale": {
					"value": 0.3
				},
				"minecraft:timer": {
					"time": 0.02,
					"looping": false,
					"time_down_event": {
						"event": "remove_entity",
						"target": "self"
					}
				}
			},

			"muc:remove_entity": {
				"minecraft:transformation": {
					"into": "minecraft:areaeffectcloud",
					"drop_equipment": true
				},
				"minecraft:equipment": {
					"table": "loot_tables/muc_chests/chest_driver/item.json"
				}
			}
		},
		"components": {
			"minecraft:loot": {
	        	"table": "loot_tables/muc_chests/chest_driver/item.json"
	        },
			"minecraft:nameable": {
			},
			"minecraft:identifier": {
				"id": "muc:chest_driver"
			},
			"minecraft:collision_box": {
				"width": 0.5,
				"height": 0.5
			},
			"minecraft:is_stackable": {
			},
			"minecraft:physics": {
			},
			"minecraft:breathable": {
				"totalSupply": 25,
				"suffocateTime": 0
			},
			"minecraft:health": {
				"value": 10,
				"max": 10
			},
			"minecraft:fall_damage": {
				"value": 0.0
			},
			"minecraft:movement": {
				"value": 0.3
			},
			"minecraft:navigation.walk": {
				"can_path_over_water": true,
				"avoid_damage_blocks": true
			},
			"minecraft:movement.basic": {
			},
			"minecraft:jump.static": {
			},
			"minecraft:can_climb": {
			},

			"minecraft:behavior.float": {
				"priority": 0
			}
		},
		"events": {
			"minecraft:entity_transformed": {
				"add": {
					"component_groups": [ "muc:untamed", "muc:locked", "muc:on", "muc:remove_item" ]
				}
			},
			"minecraft:entity_spawned": {
				"add": {
					"component_groups": [ "muc:untamed", "muc:locked", "muc:on" ]
				}
			},

			"x_remove_item": {
				"remove": {
					"component_groups": [ "muc:remove_item" ]
				}
			},

			"tamed": {
				"add": {
					"component_groups": [ "muc:tamed", "muc:controller", "muc:removing_component" ]
				},
				"remove": {
					"component_groups": [ "muc:untamed" ]
				}
			},

			"on": {
				"add": {
					"component_groups": [ "muc:on" ]
				},
				"remove": {
					"component_groups": [ "muc:off" ]
				}
			},
			"off": {
				"add": {
					"component_groups": [ "muc:off" ]
				},
				"remove": {
					"component_groups": [ "muc:on" ]
				}
			},

			"pre_unlock": {
				"add": {
					"component_groups": [ "muc:pre_unlock" ]
				},
				"remove": {
					"component_groups": [ "muc:locked" ]
				}
			},
			"unlocked": {
				"add": {
					"component_groups": [ "muc:unlocked" ]
				},
				"remove": {
					"component_groups": [ "muc:pre_unlock" ]
				}
			},
			"pre_lock": {
				"add": {
					"component_groups": [ "muc:pre_lock" ]
				},
				"remove": {
					"component_groups": [ "muc:unlocked" ]
				}
			},
			"locked": {
				"add": {
					"component_groups": [ "muc:locked" ]
				},
				"remove": {
					"component_groups": [ "muc:pre_lock" ]
				}
			},

			"rt_1": {
				"add": {
					"component_groups": [ "muc:rt_1" ]
				}
			},
			"rt_2": {
				"add": {
					"component_groups": [ "muc:rt_2" ]
				},
				"remove": {
					"component_groups": [ "muc:rt_1" ]
				}
			},
			"rt_3": {
				"add": {
					"component_groups": [ "muc:rt_3" ]
				},
				"remove": {
					"component_groups": [ "muc:rt_2" ]
				}
			},
			"rt_4": {
				"add": {
					"component_groups": [ "muc:rt_4" ]
				},
				"remove": {
					"component_groups": [ "muc:rt_3" ]
				}
			},
			"rt_5": {
				"add": {
					"component_groups": [ "muc:rt_5" ]
				},
				"remove": {
					"component_groups": [ "muc:rt_4" ]
				}
			},

			"remove_warning": {
				"add": {
					"component_groups": [ "muc:remove_warning" ]
				},
				"remove": {
					"component_groups": [ "muc:removing_component" ]
				}
			},
			"x_remove_entity": {
				"add": {
					"component_groups": [ "muc:removing_component" ]
				},
				"remove": {
					"component_groups": [ "muc:remove_warning" ]
				}
			},
			"remove_entity": {
				"add": {
					"component_groups": [ "muc:remove_entity" ]
				}
			}
		}
	}
}