{
	"format_version": "1.8.0",
	"minecraft:entity": {
		"description": {
			"identifier": "muc:locked_chest",
			"runtime_identifier": "minecraft:shulker",
			"is_spawnable": false,
			"is_summonable": true,
			"is_experimental": false,
			"animations": {
				"soundeffect_lc": "controller.animation.soundeffect_lc",
				"remove_warning": "controller.animation.remove_warning",
				"when_transformed": "controller.animation.when_transformed_lc"
			},
			"scripts": {
				"animate": [ "soundeffect_lc", "remove_warning", "when_transformed" ]
			}
		},
		"component_groups": {
			"muc:remove_item": {
				"minecraft:is_sheared": {
				},
				"minecraft:timer": {
					"time": 0.1,
					"looping": false,
					"time_down_event": {
						"event": "x_remove_item"
					}
				}
			},

			"muc:size_normal": {
				"minecraft:scale": {
					"value": 1.0
				},
				"minecraft:type_family": {
					"family": [ "normal" ]
				}
			},
			"muc:size_medium": {
				"minecraft:scale": {
					"value": 0.8
				},
				"minecraft:type_family": {
					"family": [ "medium" ]
				}
			},
			"muc:size_small": {
				"minecraft:scale": {
					"value": 0.6
				},
				"minecraft:type_family": {
					"family": [ "small" ]
				}
			},

			"muc:rotate_1": {
				"minecraft:variant": {
					"value": 1
				}
			},
			"muc:rotate_2": {
				"minecraft:variant": {
					"value": 2
				}
			},
			"muc:rotate_3": {
				"minecraft:variant": {
					"value": 3
				}
			},
			"muc:rotate_4": {
				"minecraft:variant": {
					"value": 4
				}
			},

			"muc:lock_controller": {
				"minecraft:interact": [
					{
						"on_interact": {
							"filters": {
								"all_of": [
									{
										"test": "is_family",
										"subject": "other",
										"value": "player"
									},
									{
										"test": "is_sneaking",
										"subject": "other",
										"value": true
									},
									{
										"test": "has_equipment",
										"subject": "other",
										"domain": "hand",
										"value": "muc:key"
									},
									{
										"test": "is_mark_variant",
										"subject": "self",
										"value": 101
									}
								]
							},
							"event": "pre_open"
						},
						"swing": true,
						"interact_text": "action.interact.locked_chest.open"
					},
					{
						"on_interact": {
							"filters": {
								"all_of": [
									{
										"test": "is_family",
										"subject": "other",
										"value": "player"
									},
									{
										"test": "is_sneaking",
										"subject": "other",
										"value": true
									},
									{
										"test": "has_equipment",
										"subject": "other",
										"domain": "hand",
										"value": "muc:key"
									},
									{
										"test": "is_mark_variant",
										"subject": "self",
										"value": 103
									}
								]
							},
							"event": "pre_close"
						},
						"swing": true,
						"interact_text": "action.interact.locked_chest.close"
					},
					{
						"on_interact": {
							"filters": {
								"all_of": [
									{
										"test": "is_family",
										"subject": "other",
										"value": "player"
									},
									{
										"test": "is_sneaking",
										"subject": "other",
										"value": false
									},
									{
										"test": "has_equipment",
										"subject": "other",
										"domain": "hand",
										"value": "muc:wrench"
									},
									{
										"test": "is_variant",
										"subject": "self",
										"value": 1
									}
								]
							},
							"event": "r_2"
						},
						"interact_text": "action.interact.rotate"
					},
					{
						"on_interact": {
							"filters": {
								"all_of": [
									{
										"test": "is_family",
										"subject": "other",
										"value": "player"
									},
									{
										"test": "is_sneaking",
										"subject": "other",
										"value": false
									},
									{
										"test": "has_equipment",
										"subject": "other",
										"domain": "hand",
										"value": "muc:wrench"
									},
									{
										"test": "is_variant",
										"subject": "self",
										"value": 2
									}
								]
							},
							"event": "r_3"
						},
						"interact_text": "action.interact.rotate"
					},
					{
						"on_interact": {
							"filters": {
								"all_of": [
									{
										"test": "is_family",
										"subject": "other",
										"value": "player"
									},
									{
										"test": "is_sneaking",
										"subject": "other",
										"value": false
									},
									{
										"test": "has_equipment",
										"subject": "other",
										"domain": "hand",
										"value": "muc:wrench"
									},
									{
										"test": "is_variant",
										"subject": "self",
										"value": 3
									}
								]
							},
							"event": "r_4"
						},
						"interact_text": "action.interact.rotate"
					},
					{
						"on_interact": {
							"filters": {
								"all_of": [
									{
										"test": "is_family",
										"subject": "other",
										"value": "player"
									},
									{
										"test": "is_sneaking",
										"subject": "other",
										"value": false
									},
									{
										"test": "has_equipment",
										"subject": "other",
										"domain": "hand",
										"value": "muc:wrench"
									},
									{
										"test": "is_variant",
										"subject": "self",
										"value": 4
									}
								]
							},
							"event": "r_1"
						},
						"interact_text": "action.interact.rotate"
					},
					{
						"on_interact": {
							"filters": {
								"all_of": [
									{
										"test": "is_family",
										"subject": "other",
										"value": "player"
									},
									{
										"test": "is_sneaking",
										"subject": "other",
										"value": false
									},
									{
										"test": "has_equipment",
										"subject": "other",
										"domain": "hand",
										"value": "muc:resize_tool"
									},
									{
										"test": "is_family",
										"subject": "self",
										"value": "normal"
									}
								]
							},
							"event": "size_medium"
						},
						"interact_text": "action.interact.resize"
					},
					{
						"on_interact": {
							"filters": {
								"all_of": [
									{
										"test": "is_family",
										"subject": "other",
										"value": "player"
									},
									{
										"test": "is_sneaking",
										"subject": "other",
										"value": false
									},
									{
										"test": "has_equipment",
										"subject": "other",
										"domain": "hand",
										"value": "muc:resize_tool"
									},
									{
										"test": "is_family",
										"subject": "self",
										"value": "medium"
									}
								]
							},
							"event": "size_small"
						},
						"interact_text": "action.interact.resize"
					},
					{
						"on_interact": {
							"filters": {
								"all_of": [
									{
										"test": "is_family",
										"subject": "other",
										"value": "player"
									},
									{
										"test": "is_sneaking",
										"subject": "other",
										"value": false
									},
									{
										"test": "has_equipment",
										"subject": "other",
										"domain": "hand",
										"value": "muc:resize_tool"
									},
									{
										"test": "is_family",
										"subject": "self",
										"value": "small"
									}
								]
							},
							"event": "size_normal"
						},
						"interact_text": "action.interact.resize"
					}
				]
			},
			"muc:closed": {
				"minecraft:is_saddled": {
				},
				"minecraft:mark_variant": {
					"value": 101
				},
				"minecraft:inventory": {
					"container_type": "inventory",
					"inventory_size": 27,
					"private": true
				}
			},
			"muc:pre_open": {
				"minecraft:is_baby": {
				},
				"minecraft:mark_variant": {
					"value": 102
				},
				"minecraft:timer": {
					"time": 0.9,
					"looping": false,
					"time_down_event": {
						"event": "opened",
						"target": "self"
					}
				},
				"minecraft:inventory": {
					"container_type": "inventory",
					"inventory_size": 27,
					"private": false
				}
			},
			"muc:opened": {
				"minecraft:mark_variant": {
					"value": 103
				},
				"minecraft:inventory": {
					"container_type": "inventory",
					"inventory_size": 27,
					"private": false
				}
			},
			"muc:pre_close": {
				"minecraft:mark_variant": {
					"value": 104
				},
				"minecraft:timer": {
					"time": 0.9,
					"looping": false,
					"time_down_event": {
						"event": "closed",
						"target": "self"
					}
				},
				"minecraft:inventory": {
					"container_type": "inventory",
					"inventory_size": 27,
					"private": true
				}
			},

			"muc:removing_component": {
				"minecraft:damage_sensor": [
					{
						"on_damage": {
							"filters": {
								"all_of": [
									{
										"test": "is_family",
										"subject": "other",
										"value": "player"
									},
									{
										"test": "is_sneaking",
										"subject": "other",
										"value": true
									},
									{
										"test": "has_equipment",
										"subject": "other",
										"domain": "hand",
										"value": "muc:wrench"
									}
								]
							},
							"event": "remove_warning"
						},
						"deals_damage": false
					},
					{
						"cause": "any",
						"deals_damage": false
					}
				]
			},
			"muc:remove_warning": {
				"minecraft:is_chested": {
				},
				"minecraft:timer": {
					"time": 5.0,
					"looping": false,
					"time_down_event": {
						"event": "x_remove_entity",
						"target": "self"
					}
				},
				"minecraft:damage_sensor": [
					{
						"on_damage": {
							"filters": {
								"all_of": [
									{
										"test": "is_family",
										"subject": "other",
										"value": "player"
									},
									{
										"test": "is_sneaking",
										"subject": "other",
										"value": true
									},
									{
										"test": "has_equipment",
										"subject": "other",
										"domain": "hand",
										"value": "muc:wrench"
									}
								]
							},
							"event": "rt_1"
						},
						"deals_damage": false
					},
					{
						"cause": "any",
						"deals_damage": false
					}
				]
			},

			"muc:rt_1": {
				"minecraft:scale": {
					"value": 0.9
				},
				"minecraft:timer": {
					"time": 0.03,
					"looping": false,
					"time_down_event": {
						"event": "rt_2",
						"target": "self"
					}
				}
			},
			"muc:rt_2": {
				"minecraft:scale": {
					"value": 0.8
				},
				"minecraft:timer": {
					"time": 0.03,
					"looping": false,
					"time_down_event": {
						"event": "rt_3",
						"target": "self"
					}
				}
			},
			"muc:rt_3": {
				"minecraft:scale": {
					"value": 0.7
				},
				"minecraft:timer": {
					"time": 0.03,
					"looping": false,
					"time_down_event": {
						"event": "rt_4",
						"target": "self"
					}
				}
			},
			"muc:rt_4": {
				"minecraft:scale": {
					"value": 0.5
				},
				"minecraft:timer": {
					"time": 0.02,
					"looping": false,
					"time_down_event": {
						"event": "rt_5",
						"target": "self"
					}
				}
			},
			"muc:rt_5": {
				"minecraft:scale": {
					"value": 0.3
				},
				"minecraft:timer": {
					"time": 0.02,
					"looping": false,
					"time_down_event": {
						"event": "remove_entity",
						"target": "self"
					}
				}
			},

			"muc:remove_entity": {
				"minecraft:transformation": {
					"into": "minecraft:areaeffectcloud",
					"drop_equipment": true
				},
				"minecraft:equipment": {
					"table": "loot_tables/muc_chests/locked_chest/item.json"
				}
			}
		},
		"components": {
			"minecraft:identifier": {
				"id": "muc:locked_chest"
			},
			"minecraft:collision_box": {
				"width": 0.5,
				"height": 0.5
			},
			"minecraft:is_stackable": {
			},
			"minecraft:physics": {
			},
			"minecraft:health": {
				"value": 10,
				"max": 10
			},
			"minecraft:fall_damage": {
				"value": 0.0
			},
			"minecraft:push_through": {
				"value": 1
			},
			"minecraft:knockback_resistance": {
				"value": 1.0,
				"max": 1.0
			}
		},
		"events": {
			"minecraft:entity_transformed": {
				"add": {
					"component_groups": [ "muc:closed", "muc:lock_controller", "muc:removing_component", "muc:rotate_1", "muc:size_normal", "muc:remove_item" ]
				}
			},
			"minecraft:entity_spawned": {
				"add": {
					"component_groups": [ "muc:closed", "muc:lock_controller", "muc:removing_component", "muc:rotate_1", "muc:size_normal" ]
				}
			},

			"x_remove_item": {
				"remove": {
					"component_groups": [ "muc:remove_item" ]
				}
			},

			"size_normal": {
				"add": {
					"component_groups": [ "muc:size_normal" ]
				},
				"remove": {
					"component_groups": [ "muc:size_small" ]
				}
			},
			"size_medium": {
				"add": {
					"component_groups": [ "muc:size_medium" ]
				},
				"remove": {
					"component_groups": [ "muc:size_normal" ]
				}
			},
			"size_small": {
				"add": {
					"component_groups": [ "muc:size_small" ]
				},
				"remove": {
					"component_groups": [ "muc:size_medium" ]
				}
			},

			"r_1": {
				"add": {
					"component_groups": [ "muc:rotate_1" ]
				}
			},
			"r_2": {
				"add": {
					"component_groups": [ "muc:rotate_2" ]
				}
			},
			"r_3": {
				"add": {
					"component_groups": [ "muc:rotate_3" ]
				}
			},
			"r_4": {
				"add": {
					"component_groups": [ "muc:rotate_4" ]
				}
			},

			"closed": {
				"add": {
					"component_groups": [ "muc:closed" ]
				},
				"remove": {
					"component_groups": [ "muc:pre_close" ]
				}
			},
			"pre_open": {
				"add": {
					"component_groups": [ "muc:pre_open" ]
				},
				"remove": {
					"component_groups": [ "muc:closed" ]
				}
			},
			"opened": {
				"add": {
					"component_groups": [ "muc:opened" ]
				},
				"remove": {
					"component_groups": [ "muc:pre_open" ]
				}
			},
			"pre_close": {
				"add": {
					"component_groups": [ "muc:pre_close" ]
				},
				"remove": {
					"component_groups": [ "muc:opened" ]
				}
			},

			"rt_1": {
				"add": {
					"component_groups": [ "muc:rt_1" ]
				}
			},
			"rt_2": {
				"add": {
					"component_groups": [ "muc:rt_2" ]
				},
				"remove": {
					"component_groups": [ "muc:rt_1" ]
				}
			},
			"rt_3": {
				"add": {
					"component_groups": [ "muc:rt_3" ]
				},
				"remove": {
					"component_groups": [ "muc:rt_2" ]
				}
			},
			"rt_4": {
				"add": {
					"component_groups": [ "muc:rt_4" ]
				},
				"remove": {
					"component_groups": [ "muc:rt_3" ]
				}
			},
			"rt_5": {
				"add": {
					"component_groups": [ "muc:rt_5" ]
				},
				"remove": {
					"component_groups": [ "muc:rt_4" ]
				}
			},

			"remove_warning": {
				"add": {
					"component_groups": [ "muc:remove_warning" ]
				},
				"remove": {
					"component_groups": [ "muc:removing_component" ]
				}
			},
			"x_remove_entity": {
				"add": {
					"component_groups": [ "muc:removing_component" ]
				},
				"remove": {
					"component_groups": [ "muc:remove_warning" ]
				}
			},
			"remove_entity": {
				"add": {
					"component_groups": [ "muc:remove_entity" ]
				}
			}
		}
	}
}