{
  "format_version": "1.19.80",
  "minecraft:block": {
	"description":{
		"identifier": "disenchanter:disenchanting_table_block",
		"menu_category": {
		  "category": "items", // The creative inventory / recipe book tab that the block is placed into
		  "group": "", // The expandable group that the block is a part of. (Optional)
		  "is_hidden_in_commands": false // Is the block hidden from use in commands? (Optional)
		}
	},
	
   "components": {
   "tag:stone": {},
	"minecraft:geometry": "geometry.disenchant",
	 "minecraft:material_instances": {
      "*": {
   		"texture": "disenchanter",
		"render_method": "alpha_test"
      }
	  },	 
	  "minecraft:destructible_by_mining": {
		"seconds_to_destroy": 1
      },
	  "minecraft:display_name": "Disenchanter Table",
	  "minecraft:collision_box":{
		"origin": [-8,0,-8],
		"size": [16,9,16]
	  },
	  "minecraft:light_emission": 8,
	"minecraft:selection_box": {
		"origin": [-8,0,-8],
		"size": [16,9,16]
	  },
	"minecraft:on_placed": {
      "event": "on_place",
      "target": "self"
	}
    },
	"events":{
		"on_place":{
			"run_command":{
				"command": [
					"summon disenchanter:disenchanting_table ~ ~-0.5 ~ 0 0 x \"§r§r§rdisenchanting Table\"",
					
					"summon disenchanter:slot ~0.0~~-0.03 0 0 x s0",
					
					"summon disenchanter:slot ~0.3~-0.05~-0.03 0 0 x s1",
					"summon disenchanter:slot ~0.2~~-0.2 0 0 x s8",
					
					"summon disenchanter:slot ~0.0~-0.05~-0.3 0 0 x s7",
					
					"summon disenchanter:slot ~-0.2~~-0.2 0 0 x s6",
					"summon disenchanter:slot ~-0.3~-0.05~-0.03 0 0 x s5",
					
					"summon disenchanter:slot ~-0.2~~0.15 0 0 x s4",
					"summon disenchanter:slot ~0.0~-0.05~0.25 0 0 x s3",
					"summon disenchanter:slot ~0.2~~0.15 0 0 x s2"
					]
			}
		}
	}    
  }
}
