{
    "format_version": "1.16.100",
    "minecraft:item": {
        "description": {
            "identifier": "tomb:tomb_key",
            "category": "none"
        },

        "components": {
            "minecraft:icon": {
                "texture": "tomb_key"
            },
            "minecraft:max_stack_size": 1,
            "minecraft:on_use_on": {
                "on_use_on": {
                    "event": "dummy",
                    "target": "block"
                }
            }
        }
    }
}
