{
	"file_path": "C:\\Users\\LENOVO\\AppData\\Local\\Packages\\Microsoft.MinecraftUWP_8wekyb3d8bbwe\\LocalState\\games\\com.mojang\\development_behavior_packs\\2 Seat Horse\\entities\\horse.json",
	"file_type": "entity",
	"format_version": 1,
	"file_uuid": "c2a706fa_7dd3_41df_9008_857bc1d3b8f5",
	"file_version": 2,
	"cache_content": {
		"children": [
			{
				"data": "1.16.0",
				"key": "format_version"
			},
			{
				"open": {
					"format_version": "1.16.0",
					"minecraft:entity": {
						"description": {
							"identifier": "minecraft:horse",
							"is_spawnable": true,
							"is_summonable": true,
							"is_experimental": false
						},
						"component_groups": {
							"minecraft:horse_baby": {
								"minecraft:is_baby": {},
								"minecraft:scale_by_age": {
									"start_scale": 0.5,
									"end_scale": 1
								},
								"minecraft:ageable": {
									"duration": 1200,
									"feed_items": [
										{
											"item": "wheat",
											"growth": 0.016667
										},
										{
											"item": "sugar",
											"growth": 0.025
										},
										{
											"item": "hay_block",
											"growth": 0.15
										},
										{
											"item": "apple",
											"growth": 0.05
										},
										{
											"item": "golden_carrot",
											"growth": 0.05
										},
										{
											"item": "golden_apple",
											"growth": 0.2
										},
										{
											"item": "appleEnchanted",
											"growth": 0.2
										}
									],
									"grow_up": {
										"event": "minecraft:ageable_grow_up",
										"target": "self"
									}
								},
								"minecraft:behavior.follow_parent": {
									"priority": 4,
									"speed_multiplier": 1
								}
							},
							"minecraft:horse_adult": {
								"minecraft:experience_reward": {
									"on_bred": "Math.Random(1,7)",
									"on_death": "query.last_hit_by_player ? Math.Random(1,3) : 0"
								},
								"minecraft:loot": {
									"table": "loot_tables/entities/horse.json"
								},
								"minecraft:behavior.run_around_like_crazy": {
									"priority": 1,
									"speed_multiplier": 1.2
								},
								"minecraft:behavior.breed": {
									"priority": 2,
									"speed_multiplier": 1
								}
							},
							"minecraft:horse_wild": {
								"minecraft:rideable": {
									"seat_count": 1,
									"family_types": [
										"player",
										"zombie"
									],
									"interact_text": "action.interact.mount",
									"seats": {
										"position": [
											0,
											1.1,
											-0.2
										]
									}
								},
								"minecraft:behavior.mount_pathing": {
									"priority": 2,
									"speed_multiplier": 1.5,
									"target_dist": 0,
									"track_target": true
								},
								"minecraft:tamemount": {
									"min_temper": 0,
									"max_temper": 100,
									"feed_text": "action.interact.feed",
									"ride_text": "action.interact.mount",
									"feed_items": [
										{
											"item": "wheat",
											"temper_mod": 3
										},
										{
											"item": "sugar",
											"temper_mod": 3
										},
										{
											"item": "apple",
											"temper_mod": 3
										},
										{
											"item": "golden_carrot",
											"temper_mod": 5
										},
										{
											"item": "golden_apple",
											"temper_mod": 10
										},
										{
											"item": "appleEnchanted",
											"temper_mod": 10
										}
									],
									"auto_reject_items": [
										{
											"item": "horsearmorleather"
										},
										{
											"item": "horsearmoriron"
										},
										{
											"item": "horsearmorgold"
										},
										{
											"item": "horsearmordiamond"
										},
										{
											"item": "saddle"
										}
									],
									"tame_event": {
										"event": "minecraft:on_tame",
										"target": "self"
									}
								}
							},
							"minecraft:horse_tamed": {
								"minecraft:is_tamed": {},
								"minecraft:rideable": {
									"seat_count": 2,
									"crouching_skip_interact": true,
									"family_types": [
										"player"
									],
									"interact_text": "action.interact.ride.horse",
									"seats": [
										{
											"position": [
												0,
												1.1,
												-0.2
											],
											"min_rider_count": 0,
											"max_rider_count": 1
										},
										{
											"position": [
												0,
												1.1,
												0
											],
											"min_rider_count": 2,
											"max_rider_count": 2
										},
										{
											"position": [
												0,
												1.1,
												-0.6
											],
											"min_rider_count": 2,
											"max_rider_count": 2
										}
									]
								},
								"minecraft:inventory": {
									"inventory_size": 2,
									"container_type": "horse"
								},
								"minecraft:breedable": {
									"require_tame": true,
									"inherit_tamed": false,
									"breeds_with": [
										{
											"mate_type": "minecraft:horse",
											"baby_type": "minecraft:horse",
											"breed_event": {
												"event": "minecraft:entity_born",
												"target": "baby"
											}
										},
										{
											"mate_type": "minecraft:donkey",
											"baby_type": "minecraft:mule",
											"breed_event": {
												"event": "minecraft:entity_born",
												"target": "baby"
											}
										}
									],
									"breed_items": [
										"golden_carrot",
										"golden_apple",
										"appleEnchanted"
									]
								},
								"minecraft:behavior.tempt": {
									"priority": 5,
									"speed_multiplier": 1.2,
									"items": [
										"golden_apple",
										"appleEnchanted",
										"golden_carrot"
									]
								}
							},
							"minecraft:horse_saddled": {
								"minecraft:is_saddled": {},
								"minecraft:input_ground_controlled": {},
								"minecraft:can_power_jump": {},
								"minecraft:behavior.player_ride_tamed": {}
							},
							"minecraft:base_white": {
								"minecraft:variant": {
									"value": 0
								}
							},
							"minecraft:base_creamy": {
								"minecraft:variant": {
									"value": 1
								}
							},
							"minecraft:base_chestnut": {
								"minecraft:variant": {
									"value": 2
								}
							},
							"minecraft:base_brown": {
								"minecraft:variant": {
									"value": 3
								}
							},
							"minecraft:base_black": {
								"minecraft:variant": {
									"value": 4
								}
							},
							"minecraft:base_gray": {
								"minecraft:variant": {
									"value": 5
								}
							},
							"minecraft:base_darkbrown": {
								"minecraft:variant": {
									"value": 6
								}
							},
							"minecraft:markings_none": {
								"minecraft:mark_variant": {
									"value": 0
								}
							},
							"minecraft:markings_white_details": {
								"minecraft:mark_variant": {
									"value": 1
								}
							},
							"minecraft:markings_white_fields": {
								"minecraft:mark_variant": {
									"value": 2
								}
							},
							"minecraft:markings_white_dots": {
								"minecraft:mark_variant": {
									"value": 3
								}
							},
							"minecraft:markings_black_dots": {
								"minecraft:mark_variant": {
									"value": 4
								}
							}
						},
						"components": {
							"minecraft:equippable": {
								"slots": [
									{
										"slot": 0,
										"item": "saddle",
										"accepted_items": [
											"saddle"
										],
										"on_equip": {
											"event": "minecraft:horse_saddled"
										},
										"on_unequip": {
											"event": "minecraft:horse_unsaddled"
										}
									},
									{
										"slot": 1,
										"item": "horsearmoriron",
										"accepted_items": [
											"horsearmorleather",
											"horsearmoriron",
											"horsearmorgold",
											"horsearmordiamond"
										]
									}
								]
							},
							"minecraft:type_family": {
								"family": [
									"horse",
									"mob"
								]
							},
							"minecraft:breathable": {
								"total_supply": 15,
								"suffocate_time": 0
							},
							"minecraft:collision_box": {
								"width": 1.4,
								"height": 1.6
							},
							"minecraft:health": {
								"value": {
									"range_min": 15,
									"range_max": 30
								}
							},
							"minecraft:hurt_on_condition": {
								"damage_conditions": [
									{
										"filters": {
											"test": "in_lava",
											"subject": "self",
											"operator": "==",
											"value": true
										},
										"cause": "lava",
										"damage_per_tick": 4
									}
								]
							},
							"minecraft:movement": {
								"value": {
									"range_min": 0.1125,
									"range_max": 0.3375
								}
							},
							"minecraft:navigation.walk": {
								"can_path_over_water": true,
								"avoid_water": true,
								"avoid_damage_blocks": true
							},
							"minecraft:movement.basic": {},
							"minecraft:jump.static": {},
							"minecraft:nameable": {},
							"minecraft:horse.jump_strength": {
								"value": {
									"range_min": 0.4,
									"range_max": 1
								}
							},
							"minecraft:leashable": {
								"soft_distance": 4,
								"hard_distance": 6,
								"max_distance": 10
							},
							"minecraft:balloonable": {},
							"minecraft:healable": {
								"items": [
									{
										"item": "wheat",
										"heal_amount": 2
									},
									{
										"item": "sugar",
										"heal_amount": 1
									},
									{
										"item": "hay_block",
										"heal_amount": 20
									},
									{
										"item": "apple",
										"heal_amount": 3
									},
									{
										"item": "golden_carrot",
										"heal_amount": 4
									},
									{
										"item": "golden_apple",
										"heal_amount": 10
									},
									{
										"item": "appleEnchanted",
										"heal_amount": 10
									}
								]
							},
							"minecraft:despawn": {
								"despawn_from_distance": {}
							},
							"minecraft:behavior.float": {
								"priority": 0
							},
							"minecraft:behavior.panic": {
								"priority": 3,
								"speed_multiplier": 1.2
							},
							"minecraft:behavior.random_stroll": {
								"priority": 6,
								"speed_multiplier": 0.7
							},
							"minecraft:behavior.look_at_player": {
								"priority": 7,
								"look_distance": 6,
								"probability": 0.02
							},
							"minecraft:behavior.random_look_around": {
								"priority": 8
							},
							"minecraft:physics": {},
							"minecraft:pushable": {
								"is_pushable": true,
								"is_pushable_by_piston": true
							},
							"minecraft:conditional_bandwidth_optimization": {}
						},
						"events": {
							"minecraft:entity_spawned": {
								"sequence": [
									{
										"randomize": [
											{
												"weight": 36,
												"add": {
													"component_groups": [
														"minecraft:horse_adult",
														"minecraft:horse_wild"
													]
												}
											},
											{
												"weight": 9,
												"add": {
													"component_groups": [
														"minecraft:horse_baby"
													]
												}
											}
										]
									},
									{
										"randomize": [
											{
												"weight": 1,
												"add": {
													"component_groups": [
														"minecraft:base_white"
													]
												}
											},
											{
												"weight": 1,
												"add": {
													"component_groups": [
														"minecraft:base_creamy"
													]
												}
											},
											{
												"weight": 1,
												"add": {
													"component_groups": [
														"minecraft:base_chestnut"
													]
												}
											},
											{
												"weight": 1,
												"add": {
													"component_groups": [
														"minecraft:base_brown"
													]
												}
											},
											{
												"weight": 1,
												"add": {
													"component_groups": [
														"minecraft:base_black"
													]
												}
											},
											{
												"weight": 1,
												"add": {
													"component_groups": [
														"minecraft:base_gray"
													]
												}
											},
											{
												"weight": 1,
												"add": {
													"component_groups": [
														"minecraft:base_darkbrown"
													]
												}
											}
										]
									},
									{
										"randomize": [
											{
												"weight": 1,
												"add": {
													"component_groups": [
														"minecraft:markings_none"
													]
												}
											},
											{
												"weight": 1,
												"add": {
													"component_groups": [
														"minecraft:markings_white_details"
													]
												}
											},
											{
												"weight": 1,
												"add": {
													"component_groups": [
														"minecraft:markings_white_fields"
													]
												}
											},
											{
												"weight": 1,
												"add": {
													"component_groups": [
														"minecraft:markings_white_dots"
													]
												}
											},
											{
												"weight": 1,
												"add": {
													"component_groups": [
														"minecraft:markings_black_dots"
													]
												}
											}
										]
									}
								]
							},
							"minecraft:entity_born": {
								"add": {
									"component_groups": [
										"minecraft:horse_baby"
									]
								}
							},
							"minecraft:on_tame": {
								"remove": {
									"component_groups": [
										"minecraft:horse_wild"
									]
								},
								"add": {
									"component_groups": [
										"minecraft:horse_tamed"
									]
								}
							},
							"minecraft:ageable_grow_up": {
								"remove": {
									"component_groups": [
										"minecraft:horse_baby"
									]
								},
								"add": {
									"component_groups": [
										"minecraft:horse_adult",
										"minecraft:horse_wild"
									]
								}
							},
							"minecraft:horse_saddled": {
								"add": {
									"component_groups": [
										"minecraft:horse_saddled"
									]
								}
							},
							"minecraft:horse_unsaddled": {
								"remove": {
									"component_groups": [
										"minecraft:horse_saddled"
									]
								}
							},
							"minecraft:make_white": {
								"add": {
									"component_groups": [
										"minecraft:base_white"
									]
								}
							},
							"minecraft:make_creamy": {
								"add": {
									"component_groups": [
										"minecraft:base_creamy"
									]
								}
							},
							"minecraft:make_chestnut": {
								"add": {
									"component_groups": [
										"minecraft:base_chestnut"
									]
								}
							},
							"minecraft:make_brown": {
								"add": {
									"component_groups": [
										"minecraft:base_brown"
									]
								}
							},
							"minecraft:make_black": {
								"add": {
									"component_groups": [
										"minecraft:base_black"
									]
								}
							},
							"minecraft:make_gray": {
								"add": {
									"component_groups": [
										"minecraft:base_gray"
									]
								}
							},
							"minecraft:make_darkbrown": {
								"add": {
									"component_groups": [
										"minecraft:base_darkbrown"
									]
								}
							}
						}
					}
				},
				"key": "minecraft:entity",
				"children": [
					{
						"key": "description",
						"is_minified": true,
						"children": {
							"identifier": "minecraft:horse",
							"is_spawnable": true,
							"is_summonable": true,
							"is_experimental": false
						}
					},
					{
						"open": {
							"description": {
								"identifier": "minecraft:horse",
								"is_spawnable": true,
								"is_summonable": true,
								"is_experimental": false
							},
							"component_groups": {
								"minecraft:horse_baby": {
									"minecraft:is_baby": {},
									"minecraft:scale_by_age": {
										"start_scale": 0.5,
										"end_scale": 1
									},
									"minecraft:ageable": {
										"duration": 1200,
										"feed_items": [
											{
												"item": "wheat",
												"growth": 0.016667
											},
											{
												"item": "sugar",
												"growth": 0.025
											},
											{
												"item": "hay_block",
												"growth": 0.15
											},
											{
												"item": "apple",
												"growth": 0.05
											},
											{
												"item": "golden_carrot",
												"growth": 0.05
											},
											{
												"item": "golden_apple",
												"growth": 0.2
											},
											{
												"item": "appleEnchanted",
												"growth": 0.2
											}
										],
										"grow_up": {
											"event": "minecraft:ageable_grow_up",
											"target": "self"
										}
									},
									"minecraft:behavior.follow_parent": {
										"priority": 4,
										"speed_multiplier": 1
									}
								},
								"minecraft:horse_adult": {
									"minecraft:experience_reward": {
										"on_bred": "Math.Random(1,7)",
										"on_death": "query.last_hit_by_player ? Math.Random(1,3) : 0"
									},
									"minecraft:loot": {
										"table": "loot_tables/entities/horse.json"
									},
									"minecraft:behavior.run_around_like_crazy": {
										"priority": 1,
										"speed_multiplier": 1.2
									},
									"minecraft:behavior.breed": {
										"priority": 2,
										"speed_multiplier": 1
									}
								},
								"minecraft:horse_wild": {
									"minecraft:rideable": {
										"seat_count": 1,
										"family_types": [
											"player",
											"zombie"
										],
										"interact_text": "action.interact.mount",
										"seats": {
											"position": [
												0,
												1.1,
												-0.2
											]
										}
									},
									"minecraft:behavior.mount_pathing": {
										"priority": 2,
										"speed_multiplier": 1.5,
										"target_dist": 0,
										"track_target": true
									},
									"minecraft:tamemount": {
										"min_temper": 0,
										"max_temper": 100,
										"feed_text": "action.interact.feed",
										"ride_text": "action.interact.mount",
										"feed_items": [
											{
												"item": "wheat",
												"temper_mod": 3
											},
											{
												"item": "sugar",
												"temper_mod": 3
											},
											{
												"item": "apple",
												"temper_mod": 3
											},
											{
												"item": "golden_carrot",
												"temper_mod": 5
											},
											{
												"item": "golden_apple",
												"temper_mod": 10
											},
											{
												"item": "appleEnchanted",
												"temper_mod": 10
											}
										],
										"auto_reject_items": [
											{
												"item": "horsearmorleather"
											},
											{
												"item": "horsearmoriron"
											},
											{
												"item": "horsearmorgold"
											},
											{
												"item": "horsearmordiamond"
											},
											{
												"item": "saddle"
											}
										],
										"tame_event": {
											"event": "minecraft:on_tame",
											"target": "self"
										}
									}
								},
								"minecraft:horse_tamed": {
									"minecraft:is_tamed": {},
									"minecraft:rideable": {
										"seat_count": 2,
										"crouching_skip_interact": true,
										"family_types": [
											"player"
										],
										"interact_text": "action.interact.ride.horse",
										"seats": [
											{
												"position": [
													0,
													1.1,
													-0.2
												],
												"min_rider_count": 0,
												"max_rider_count": 1
											},
											{
												"position": [
													0,
													1.1,
													0
												],
												"min_rider_count": 2,
												"max_rider_count": 2
											},
											{
												"position": [
													0,
													1.1,
													-0.6
												],
												"min_rider_count": 2,
												"max_rider_count": 2
											}
										]
									},
									"minecraft:inventory": {
										"inventory_size": 2,
										"container_type": "horse"
									},
									"minecraft:breedable": {
										"require_tame": true,
										"inherit_tamed": false,
										"breeds_with": [
											{
												"mate_type": "minecraft:horse",
												"baby_type": "minecraft:horse",
												"breed_event": {
													"event": "minecraft:entity_born",
													"target": "baby"
												}
											},
											{
												"mate_type": "minecraft:donkey",
												"baby_type": "minecraft:mule",
												"breed_event": {
													"event": "minecraft:entity_born",
													"target": "baby"
												}
											}
										],
										"breed_items": [
											"golden_carrot",
											"golden_apple",
											"appleEnchanted"
										]
									},
									"minecraft:behavior.tempt": {
										"priority": 5,
										"speed_multiplier": 1.2,
										"items": [
											"golden_apple",
											"appleEnchanted",
											"golden_carrot"
										]
									}
								},
								"minecraft:horse_saddled": {
									"minecraft:is_saddled": {},
									"minecraft:input_ground_controlled": {},
									"minecraft:can_power_jump": {},
									"minecraft:behavior.player_ride_tamed": {}
								},
								"minecraft:base_white": {
									"minecraft:variant": {
										"value": 0
									}
								},
								"minecraft:base_creamy": {
									"minecraft:variant": {
										"value": 1
									}
								},
								"minecraft:base_chestnut": {
									"minecraft:variant": {
										"value": 2
									}
								},
								"minecraft:base_brown": {
									"minecraft:variant": {
										"value": 3
									}
								},
								"minecraft:base_black": {
									"minecraft:variant": {
										"value": 4
									}
								},
								"minecraft:base_gray": {
									"minecraft:variant": {
										"value": 5
									}
								},
								"minecraft:base_darkbrown": {
									"minecraft:variant": {
										"value": 6
									}
								},
								"minecraft:markings_none": {
									"minecraft:mark_variant": {
										"value": 0
									}
								},
								"minecraft:markings_white_details": {
									"minecraft:mark_variant": {
										"value": 1
									}
								},
								"minecraft:markings_white_fields": {
									"minecraft:mark_variant": {
										"value": 2
									}
								},
								"minecraft:markings_white_dots": {
									"minecraft:mark_variant": {
										"value": 3
									}
								},
								"minecraft:markings_black_dots": {
									"minecraft:mark_variant": {
										"value": 4
									}
								}
							},
							"components": {
								"minecraft:equippable": {
									"slots": [
										{
											"slot": 0,
											"item": "saddle",
											"accepted_items": [
												"saddle"
											],
											"on_equip": {
												"event": "minecraft:horse_saddled"
											},
											"on_unequip": {
												"event": "minecraft:horse_unsaddled"
											}
										},
										{
											"slot": 1,
											"item": "horsearmoriron",
											"accepted_items": [
												"horsearmorleather",
												"horsearmoriron",
												"horsearmorgold",
												"horsearmordiamond"
											]
										}
									]
								},
								"minecraft:type_family": {
									"family": [
										"horse",
										"mob"
									]
								},
								"minecraft:breathable": {
									"total_supply": 15,
									"suffocate_time": 0
								},
								"minecraft:collision_box": {
									"width": 1.4,
									"height": 1.6
								},
								"minecraft:health": {
									"value": {
										"range_min": 15,
										"range_max": 30
									}
								},
								"minecraft:hurt_on_condition": {
									"damage_conditions": [
										{
											"filters": {
												"test": "in_lava",
												"subject": "self",
												"operator": "==",
												"value": true
											},
											"cause": "lava",
											"damage_per_tick": 4
										}
									]
								},
								"minecraft:movement": {
									"value": {
										"range_min": 0.1125,
										"range_max": 0.3375
									}
								},
								"minecraft:navigation.walk": {
									"can_path_over_water": true,
									"avoid_water": true,
									"avoid_damage_blocks": true
								},
								"minecraft:movement.basic": {},
								"minecraft:jump.static": {},
								"minecraft:nameable": {},
								"minecraft:horse.jump_strength": {
									"value": {
										"range_min": 0.4,
										"range_max": 1
									}
								},
								"minecraft:leashable": {
									"soft_distance": 4,
									"hard_distance": 6,
									"max_distance": 10
								},
								"minecraft:balloonable": {},
								"minecraft:healable": {
									"items": [
										{
											"item": "wheat",
											"heal_amount": 2
										},
										{
											"item": "sugar",
											"heal_amount": 1
										},
										{
											"item": "hay_block",
											"heal_amount": 20
										},
										{
											"item": "apple",
											"heal_amount": 3
										},
										{
											"item": "golden_carrot",
											"heal_amount": 4
										},
										{
											"item": "golden_apple",
											"heal_amount": 10
										},
										{
											"item": "appleEnchanted",
											"heal_amount": 10
										}
									]
								},
								"minecraft:despawn": {
									"despawn_from_distance": {}
								},
								"minecraft:behavior.float": {
									"priority": 0
								},
								"minecraft:behavior.panic": {
									"priority": 3,
									"speed_multiplier": 1.2
								},
								"minecraft:behavior.random_stroll": {
									"priority": 6,
									"speed_multiplier": 0.7
								},
								"minecraft:behavior.look_at_player": {
									"priority": 7,
									"look_distance": 6,
									"probability": 0.02
								},
								"minecraft:behavior.random_look_around": {
									"priority": 8
								},
								"minecraft:physics": {},
								"minecraft:pushable": {
									"is_pushable": true,
									"is_pushable_by_piston": true
								},
								"minecraft:conditional_bandwidth_optimization": {}
							},
							"events": {
								"minecraft:entity_spawned": {
									"sequence": [
										{
											"randomize": [
												{
													"weight": 36,
													"add": {
														"component_groups": [
															"minecraft:horse_adult",
															"minecraft:horse_wild"
														]
													}
												},
												{
													"weight": 9,
													"add": {
														"component_groups": [
															"minecraft:horse_baby"
														]
													}
												}
											]
										},
										{
											"randomize": [
												{
													"weight": 1,
													"add": {
														"component_groups": [
															"minecraft:base_white"
														]
													}
												},
												{
													"weight": 1,
													"add": {
														"component_groups": [
															"minecraft:base_creamy"
														]
													}
												},
												{
													"weight": 1,
													"add": {
														"component_groups": [
															"minecraft:base_chestnut"
														]
													}
												},
												{
													"weight": 1,
													"add": {
														"component_groups": [
															"minecraft:base_brown"
														]
													}
												},
												{
													"weight": 1,
													"add": {
														"component_groups": [
															"minecraft:base_black"
														]
													}
												},
												{
													"weight": 1,
													"add": {
														"component_groups": [
															"minecraft:base_gray"
														]
													}
												},
												{
													"weight": 1,
													"add": {
														"component_groups": [
															"minecraft:base_darkbrown"
														]
													}
												}
											]
										},
										{
											"randomize": [
												{
													"weight": 1,
													"add": {
														"component_groups": [
															"minecraft:markings_none"
														]
													}
												},
												{
													"weight": 1,
													"add": {
														"component_groups": [
															"minecraft:markings_white_details"
														]
													}
												},
												{
													"weight": 1,
													"add": {
														"component_groups": [
															"minecraft:markings_white_fields"
														]
													}
												},
												{
													"weight": 1,
													"add": {
														"component_groups": [
															"minecraft:markings_white_dots"
														]
													}
												},
												{
													"weight": 1,
													"add": {
														"component_groups": [
															"minecraft:markings_black_dots"
														]
													}
												}
											]
										}
									]
								},
								"minecraft:entity_born": {
									"add": {
										"component_groups": [
											"minecraft:horse_baby"
										]
									}
								},
								"minecraft:on_tame": {
									"remove": {
										"component_groups": [
											"minecraft:horse_wild"
										]
									},
									"add": {
										"component_groups": [
											"minecraft:horse_tamed"
										]
									}
								},
								"minecraft:ageable_grow_up": {
									"remove": {
										"component_groups": [
											"minecraft:horse_baby"
										]
									},
									"add": {
										"component_groups": [
											"minecraft:horse_adult",
											"minecraft:horse_wild"
										]
									}
								},
								"minecraft:horse_saddled": {
									"add": {
										"component_groups": [
											"minecraft:horse_saddled"
										]
									}
								},
								"minecraft:horse_unsaddled": {
									"remove": {
										"component_groups": [
											"minecraft:horse_saddled"
										]
									}
								},
								"minecraft:make_white": {
									"add": {
										"component_groups": [
											"minecraft:base_white"
										]
									}
								},
								"minecraft:make_creamy": {
									"add": {
										"component_groups": [
											"minecraft:base_creamy"
										]
									}
								},
								"minecraft:make_chestnut": {
									"add": {
										"component_groups": [
											"minecraft:base_chestnut"
										]
									}
								},
								"minecraft:make_brown": {
									"add": {
										"component_groups": [
											"minecraft:base_brown"
										]
									}
								},
								"minecraft:make_black": {
									"add": {
										"component_groups": [
											"minecraft:base_black"
										]
									}
								},
								"minecraft:make_gray": {
									"add": {
										"component_groups": [
											"minecraft:base_gray"
										]
									}
								},
								"minecraft:make_darkbrown": {
									"add": {
										"component_groups": [
											"minecraft:base_darkbrown"
										]
									}
								}
							}
						},
						"key": "component_groups",
						"children": [
							{
								"key": "minecraft:horse_baby",
								"is_minified": true,
								"children": {
									"minecraft:is_baby": {},
									"minecraft:scale_by_age": {
										"start_scale": 0.5,
										"end_scale": 1
									},
									"minecraft:ageable": {
										"duration": 1200,
										"feed_items": [
											{
												"item": "wheat",
												"growth": 0.016667
											},
											{
												"item": "sugar",
												"growth": 0.025
											},
											{
												"item": "hay_block",
												"growth": 0.15
											},
											{
												"item": "apple",
												"growth": 0.05
											},
											{
												"item": "golden_carrot",
												"growth": 0.05
											},
											{
												"item": "golden_apple",
												"growth": 0.2
											},
											{
												"item": "appleEnchanted",
												"growth": 0.2
											}
										],
										"grow_up": {
											"event": "minecraft:ageable_grow_up",
											"target": "self"
										}
									},
									"minecraft:behavior.follow_parent": {
										"priority": 4,
										"speed_multiplier": 1
									}
								}
							},
							{
								"key": "minecraft:horse_adult",
								"is_minified": true,
								"children": {
									"minecraft:experience_reward": {
										"on_bred": "Math.Random(1,7)",
										"on_death": "query.last_hit_by_player ? Math.Random(1,3) : 0"
									},
									"minecraft:loot": {
										"table": "loot_tables/entities/horse.json"
									},
									"minecraft:behavior.run_around_like_crazy": {
										"priority": 1,
										"speed_multiplier": 1.2
									},
									"minecraft:behavior.breed": {
										"priority": 2,
										"speed_multiplier": 1
									}
								}
							},
							{
								"key": "minecraft:horse_wild",
								"is_minified": true,
								"children": {
									"minecraft:rideable": {
										"seat_count": 1,
										"family_types": [
											"player",
											"zombie"
										],
										"interact_text": "action.interact.mount",
										"seats": {
											"position": [
												0,
												1.1,
												-0.2
											]
										}
									},
									"minecraft:behavior.mount_pathing": {
										"priority": 2,
										"speed_multiplier": 1.5,
										"target_dist": 0,
										"track_target": true
									},
									"minecraft:tamemount": {
										"min_temper": 0,
										"max_temper": 100,
										"feed_text": "action.interact.feed",
										"ride_text": "action.interact.mount",
										"feed_items": [
											{
												"item": "wheat",
												"temper_mod": 3
											},
											{
												"item": "sugar",
												"temper_mod": 3
											},
											{
												"item": "apple",
												"temper_mod": 3
											},
											{
												"item": "golden_carrot",
												"temper_mod": 5
											},
											{
												"item": "golden_apple",
												"temper_mod": 10
											},
											{
												"item": "appleEnchanted",
												"temper_mod": 10
											}
										],
										"auto_reject_items": [
											{
												"item": "horsearmorleather"
											},
											{
												"item": "horsearmoriron"
											},
											{
												"item": "horsearmorgold"
											},
											{
												"item": "horsearmordiamond"
											},
											{
												"item": "saddle"
											}
										],
										"tame_event": {
											"event": "minecraft:on_tame",
											"target": "self"
										}
									}
								}
							},
							{
								"open": {
									"minecraft:horse_baby": {
										"minecraft:is_baby": {},
										"minecraft:scale_by_age": {
											"start_scale": 0.5,
											"end_scale": 1
										},
										"minecraft:ageable": {
											"duration": 1200,
											"feed_items": [
												{
													"item": "wheat",
													"growth": 0.016667
												},
												{
													"item": "sugar",
													"growth": 0.025
												},
												{
													"item": "hay_block",
													"growth": 0.15
												},
												{
													"item": "apple",
													"growth": 0.05
												},
												{
													"item": "golden_carrot",
													"growth": 0.05
												},
												{
													"item": "golden_apple",
													"growth": 0.2
												},
												{
													"item": "appleEnchanted",
													"growth": 0.2
												}
											],
											"grow_up": {
												"event": "minecraft:ageable_grow_up",
												"target": "self"
											}
										},
										"minecraft:behavior.follow_parent": {
											"priority": 4,
											"speed_multiplier": 1
										}
									},
									"minecraft:horse_adult": {
										"minecraft:experience_reward": {
											"on_bred": "Math.Random(1,7)",
											"on_death": "query.last_hit_by_player ? Math.Random(1,3) : 0"
										},
										"minecraft:loot": {
											"table": "loot_tables/entities/horse.json"
										},
										"minecraft:behavior.run_around_like_crazy": {
											"priority": 1,
											"speed_multiplier": 1.2
										},
										"minecraft:behavior.breed": {
											"priority": 2,
											"speed_multiplier": 1
										}
									},
									"minecraft:horse_wild": {
										"minecraft:rideable": {
											"seat_count": 1,
											"family_types": [
												"player",
												"zombie"
											],
											"interact_text": "action.interact.mount",
											"seats": {
												"position": [
													0,
													1.1,
													-0.2
												]
											}
										},
										"minecraft:behavior.mount_pathing": {
											"priority": 2,
											"speed_multiplier": 1.5,
											"target_dist": 0,
											"track_target": true
										},
										"minecraft:tamemount": {
											"min_temper": 0,
											"max_temper": 100,
											"feed_text": "action.interact.feed",
											"ride_text": "action.interact.mount",
											"feed_items": [
												{
													"item": "wheat",
													"temper_mod": 3
												},
												{
													"item": "sugar",
													"temper_mod": 3
												},
												{
													"item": "apple",
													"temper_mod": 3
												},
												{
													"item": "golden_carrot",
													"temper_mod": 5
												},
												{
													"item": "golden_apple",
													"temper_mod": 10
												},
												{
													"item": "appleEnchanted",
													"temper_mod": 10
												}
											],
											"auto_reject_items": [
												{
													"item": "horsearmorleather"
												},
												{
													"item": "horsearmoriron"
												},
												{
													"item": "horsearmorgold"
												},
												{
													"item": "horsearmordiamond"
												},
												{
													"item": "saddle"
												}
											],
											"tame_event": {
												"event": "minecraft:on_tame",
												"target": "self"
											}
										}
									},
									"minecraft:horse_tamed": {
										"minecraft:is_tamed": {},
										"minecraft:rideable": {
											"seat_count": 2,
											"crouching_skip_interact": true,
											"family_types": [
												"player"
											],
											"interact_text": "action.interact.ride.horse",
											"seats": [
												{
													"position": [
														0,
														1.1,
														-0.2
													],
													"min_rider_count": 0,
													"max_rider_count": 1
												},
												{
													"position": [
														0,
														1.1,
														0
													],
													"min_rider_count": 2,
													"max_rider_count": 2
												},
												{
													"position": [
														0,
														1.1,
														-0.6
													],
													"min_rider_count": 2,
													"max_rider_count": 2
												}
											]
										},
										"minecraft:inventory": {
											"inventory_size": 2,
											"container_type": "horse"
										},
										"minecraft:breedable": {
											"require_tame": true,
											"inherit_tamed": false,
											"breeds_with": [
												{
													"mate_type": "minecraft:horse",
													"baby_type": "minecraft:horse",
													"breed_event": {
														"event": "minecraft:entity_born",
														"target": "baby"
													}
												},
												{
													"mate_type": "minecraft:donkey",
													"baby_type": "minecraft:mule",
													"breed_event": {
														"event": "minecraft:entity_born",
														"target": "baby"
													}
												}
											],
											"breed_items": [
												"golden_carrot",
												"golden_apple",
												"appleEnchanted"
											]
										},
										"minecraft:behavior.tempt": {
											"priority": 5,
											"speed_multiplier": 1.2,
											"items": [
												"golden_apple",
												"appleEnchanted",
												"golden_carrot"
											]
										}
									},
									"minecraft:horse_saddled": {
										"minecraft:is_saddled": {},
										"minecraft:input_ground_controlled": {},
										"minecraft:can_power_jump": {},
										"minecraft:behavior.player_ride_tamed": {}
									},
									"minecraft:base_white": {
										"minecraft:variant": {
											"value": 0
										}
									},
									"minecraft:base_creamy": {
										"minecraft:variant": {
											"value": 1
										}
									},
									"minecraft:base_chestnut": {
										"minecraft:variant": {
											"value": 2
										}
									},
									"minecraft:base_brown": {
										"minecraft:variant": {
											"value": 3
										}
									},
									"minecraft:base_black": {
										"minecraft:variant": {
											"value": 4
										}
									},
									"minecraft:base_gray": {
										"minecraft:variant": {
											"value": 5
										}
									},
									"minecraft:base_darkbrown": {
										"minecraft:variant": {
											"value": 6
										}
									},
									"minecraft:markings_none": {
										"minecraft:mark_variant": {
											"value": 0
										}
									},
									"minecraft:markings_white_details": {
										"minecraft:mark_variant": {
											"value": 1
										}
									},
									"minecraft:markings_white_fields": {
										"minecraft:mark_variant": {
											"value": 2
										}
									},
									"minecraft:markings_white_dots": {
										"minecraft:mark_variant": {
											"value": 3
										}
									},
									"minecraft:markings_black_dots": {
										"minecraft:mark_variant": {
											"value": 4
										}
									}
								},
								"key": "minecraft:horse_tamed",
								"children": [
									{
										"key": "minecraft:is_tamed",
										"is_minified": true,
										"children": {}
									},
									{
										"open": {
											"minecraft:is_tamed": {},
											"minecraft:rideable": {
												"seat_count": 2,
												"crouching_skip_interact": true,
												"family_types": [
													"player"
												],
												"interact_text": "action.interact.ride.horse",
												"seats": [
													{
														"position": [
															0,
															1.1,
															-0.2
														],
														"min_rider_count": 0,
														"max_rider_count": 1
													},
													{
														"position": [
															0,
															1.1,
															0
														],
														"min_rider_count": 2,
														"max_rider_count": 2
													},
													{
														"position": [
															0,
															1.1,
															-0.6
														],
														"min_rider_count": 2,
														"max_rider_count": 2
													}
												]
											},
											"minecraft:inventory": {
												"inventory_size": 2,
												"container_type": "horse"
											},
											"minecraft:breedable": {
												"require_tame": true,
												"inherit_tamed": false,
												"breeds_with": [
													{
														"mate_type": "minecraft:horse",
														"baby_type": "minecraft:horse",
														"breed_event": {
															"event": "minecraft:entity_born",
															"target": "baby"
														}
													},
													{
														"mate_type": "minecraft:donkey",
														"baby_type": "minecraft:mule",
														"breed_event": {
															"event": "minecraft:entity_born",
															"target": "baby"
														}
													}
												],
												"breed_items": [
													"golden_carrot",
													"golden_apple",
													"appleEnchanted"
												]
											},
											"minecraft:behavior.tempt": {
												"priority": 5,
												"speed_multiplier": 1.2,
												"items": [
													"golden_apple",
													"appleEnchanted",
													"golden_carrot"
												]
											}
										},
										"key": "minecraft:rideable",
										"children": [
											{
												"open": {
													"seat_count": 2,
													"crouching_skip_interact": true,
													"family_types": [
														"player"
													],
													"interact_text": "action.interact.ride.horse",
													"seats": [
														{
															"position": [
																0,
																1.1,
																-0.2
															],
															"min_rider_count": 0,
															"max_rider_count": 1
														},
														{
															"position": [
																0,
																1.1,
																0
															],
															"min_rider_count": 2,
															"max_rider_count": 2
														},
														{
															"position": [
																0,
																1.1,
																-0.6
															],
															"min_rider_count": 2,
															"max_rider_count": 2
														}
													]
												},
												"data": "2",
												"key": "seat_count"
											},
											{
												"data": "true",
												"key": "crouching_skip_interact"
											},
											{
												"key": "family_types",
												"is_minified": true,
												"children": [
													"player"
												]
											},
											{
												"data": "action.interact.ride.horse",
												"key": "interact_text"
											},
											{
												"open": {
													"seat_count": 2,
													"crouching_skip_interact": true,
													"family_types": [
														"player"
													],
													"interact_text": "action.interact.ride.horse",
													"seats": [
														{
															"position": [
																0,
																1.1,
																-0.2
															],
															"min_rider_count": 0,
															"max_rider_count": 1
														},
														{
															"position": [
																0,
																1.1,
																0
															],
															"min_rider_count": 2,
															"max_rider_count": 2
														},
														{
															"position": [
																0,
																1.1,
																-0.6
															],
															"min_rider_count": 2,
															"max_rider_count": 2
														}
													]
												},
												"key": "seats",
												"children": [
													{
														"open": [
															{
																"position": [
																	0,
																	1.1,
																	-0.2
																],
																"min_rider_count": 0,
																"max_rider_count": 1
															},
															{
																"position": [
																	0,
																	1.1,
																	0
																],
																"min_rider_count": 2,
																"max_rider_count": 2
															},
															{
																"position": [
																	0,
																	1.1,
																	-0.6
																],
																"min_rider_count": 2,
																"max_rider_count": 2
															}
														],
														"children": [
															{
																"open": {
																	"position": [
																		0,
																		1.1,
																		-0.2
																	],
																	"min_rider_count": 0,
																	"max_rider_count": 1
																},
																"key": "position",
																"is_minified": true,
																"children": [
																	0,
																	1.1,
																	-0.2
																]
															},
															{
																"data": "0",
																"key": "min_rider_count"
															},
															{
																"data": "1",
																"key": "max_rider_count"
															}
														]
													},
													{
														"open": [
															{
																"position": [
																	0,
																	1.1,
																	-0.2
																],
																"min_rider_count": 0,
																"max_rider_count": 1
															},
															{
																"position": [
																	0,
																	1.1,
																	0
																],
																"min_rider_count": 2,
																"max_rider_count": 2
															},
															{
																"position": [
																	0,
																	1.1,
																	-0.6
																],
																"min_rider_count": 2,
																"max_rider_count": 2
															}
														],
														"children": [
															{
																"open": {
																	"position": [
																		0,
																		1.1,
																		0
																	],
																	"min_rider_count": 2,
																	"max_rider_count": 2
																},
																"key": "position",
																"is_minified": true,
																"children": [
																	0,
																	1.1,
																	0
																]
															},
															{
																"data": "2",
																"key": "min_rider_count"
															},
															{
																"data": "2",
																"key": "max_rider_count"
															}
														]
													},
													{
														"open": [
															{
																"position": [
																	0,
																	1.1,
																	-0.2
																],
																"min_rider_count": 0,
																"max_rider_count": 1
															},
															{
																"position": [
																	0,
																	1.1,
																	0
																],
																"min_rider_count": 2,
																"max_rider_count": 2
															},
															{
																"position": [
																	0,
																	1.1,
																	-0.6
																],
																"min_rider_count": 2,
																"max_rider_count": 2
															}
														],
														"children": [
															{
																"open": {
																	"position": [
																		0,
																		1.1,
																		-0.6
																	],
																	"min_rider_count": 2,
																	"max_rider_count": 2
																},
																"key": "position",
																"is_minified": true,
																"children": [
																	0,
																	1.1,
																	-0.6
																]
															},
															{
																"data": "2",
																"key": "min_rider_count"
															},
															{
																"data": "2",
																"key": "max_rider_count"
															}
														]
													}
												]
											}
										]
									},
									{
										"key": "minecraft:inventory",
										"is_minified": true,
										"children": {
											"inventory_size": 2,
											"container_type": "horse"
										}
									},
									{
										"key": "minecraft:breedable",
										"is_minified": true,
										"children": {
											"require_tame": true,
											"inherit_tamed": false,
											"breeds_with": [
												{
													"mate_type": "minecraft:horse",
													"baby_type": "minecraft:horse",
													"breed_event": {
														"event": "minecraft:entity_born",
														"target": "baby"
													}
												},
												{
													"mate_type": "minecraft:donkey",
													"baby_type": "minecraft:mule",
													"breed_event": {
														"event": "minecraft:entity_born",
														"target": "baby"
													}
												}
											],
											"breed_items": [
												"golden_carrot",
												"golden_apple",
												"appleEnchanted"
											]
										}
									},
									{
										"key": "minecraft:behavior.tempt",
										"is_minified": true,
										"children": {
											"priority": 5,
											"speed_multiplier": 1.2,
											"items": [
												"golden_apple",
												"appleEnchanted",
												"golden_carrot"
											]
										}
									}
								]
							},
							{
								"key": "minecraft:horse_saddled",
								"is_minified": true,
								"children": {
									"minecraft:is_saddled": {},
									"minecraft:input_ground_controlled": {},
									"minecraft:can_power_jump": {},
									"minecraft:behavior.player_ride_tamed": {}
								}
							},
							{
								"key": "minecraft:base_white",
								"is_minified": true,
								"children": {
									"minecraft:variant": {
										"value": 0
									}
								}
							},
							{
								"key": "minecraft:base_creamy",
								"is_minified": true,
								"children": {
									"minecraft:variant": {
										"value": 1
									}
								}
							},
							{
								"key": "minecraft:base_chestnut",
								"is_minified": true,
								"children": {
									"minecraft:variant": {
										"value": 2
									}
								}
							},
							{
								"key": "minecraft:base_brown",
								"is_minified": true,
								"children": {
									"minecraft:variant": {
										"value": 3
									}
								}
							},
							{
								"key": "minecraft:base_black",
								"is_minified": true,
								"children": {
									"minecraft:variant": {
										"value": 4
									}
								}
							},
							{
								"key": "minecraft:base_gray",
								"is_minified": true,
								"children": {
									"minecraft:variant": {
										"value": 5
									}
								}
							},
							{
								"key": "minecraft:base_darkbrown",
								"is_minified": true,
								"children": {
									"minecraft:variant": {
										"value": 6
									}
								}
							},
							{
								"key": "minecraft:markings_none",
								"is_minified": true,
								"children": {
									"minecraft:mark_variant": {
										"value": 0
									}
								}
							},
							{
								"key": "minecraft:markings_white_details",
								"is_minified": true,
								"children": {
									"minecraft:mark_variant": {
										"value": 1
									}
								}
							},
							{
								"key": "minecraft:markings_white_fields",
								"is_minified": true,
								"children": {
									"minecraft:mark_variant": {
										"value": 2
									}
								}
							},
							{
								"key": "minecraft:markings_white_dots",
								"is_minified": true,
								"children": {
									"minecraft:mark_variant": {
										"value": 3
									}
								}
							},
							{
								"key": "minecraft:markings_black_dots",
								"is_minified": true,
								"children": {
									"minecraft:mark_variant": {
										"value": 4
									}
								}
							}
						]
					},
					{
						"key": "components",
						"is_minified": true,
						"children": {
							"minecraft:equippable": {
								"slots": [
									{
										"slot": 0,
										"item": "saddle",
										"accepted_items": [
											"saddle"
										],
										"on_equip": {
											"event": "minecraft:horse_saddled"
										},
										"on_unequip": {
											"event": "minecraft:horse_unsaddled"
										}
									},
									{
										"slot": 1,
										"item": "horsearmoriron",
										"accepted_items": [
											"horsearmorleather",
											"horsearmoriron",
											"horsearmorgold",
											"horsearmordiamond"
										]
									}
								]
							},
							"minecraft:type_family": {
								"family": [
									"horse",
									"mob"
								]
							},
							"minecraft:breathable": {
								"total_supply": 15,
								"suffocate_time": 0
							},
							"minecraft:collision_box": {
								"width": 1.4,
								"height": 1.6
							},
							"minecraft:health": {
								"value": {
									"range_min": 15,
									"range_max": 30
								}
							},
							"minecraft:hurt_on_condition": {
								"damage_conditions": [
									{
										"filters": {
											"test": "in_lava",
											"subject": "self",
											"operator": "==",
											"value": true
										},
										"cause": "lava",
										"damage_per_tick": 4
									}
								]
							},
							"minecraft:movement": {
								"value": {
									"range_min": 0.1125,
									"range_max": 0.3375
								}
							},
							"minecraft:navigation.walk": {
								"can_path_over_water": true,
								"avoid_water": true,
								"avoid_damage_blocks": true
							},
							"minecraft:movement.basic": {},
							"minecraft:jump.static": {},
							"minecraft:nameable": {},
							"minecraft:horse.jump_strength": {
								"value": {
									"range_min": 0.4,
									"range_max": 1
								}
							},
							"minecraft:leashable": {
								"soft_distance": 4,
								"hard_distance": 6,
								"max_distance": 10
							},
							"minecraft:balloonable": {},
							"minecraft:healable": {
								"items": [
									{
										"item": "wheat",
										"heal_amount": 2
									},
									{
										"item": "sugar",
										"heal_amount": 1
									},
									{
										"item": "hay_block",
										"heal_amount": 20
									},
									{
										"item": "apple",
										"heal_amount": 3
									},
									{
										"item": "golden_carrot",
										"heal_amount": 4
									},
									{
										"item": "golden_apple",
										"heal_amount": 10
									},
									{
										"item": "appleEnchanted",
										"heal_amount": 10
									}
								]
							},
							"minecraft:despawn": {
								"despawn_from_distance": {}
							},
							"minecraft:behavior.float": {
								"priority": 0
							},
							"minecraft:behavior.panic": {
								"priority": 3,
								"speed_multiplier": 1.2
							},
							"minecraft:behavior.random_stroll": {
								"priority": 6,
								"speed_multiplier": 0.7
							},
							"minecraft:behavior.look_at_player": {
								"priority": 7,
								"look_distance": 6,
								"probability": 0.02
							},
							"minecraft:behavior.random_look_around": {
								"priority": 8
							},
							"minecraft:physics": {},
							"minecraft:pushable": {
								"is_pushable": true,
								"is_pushable_by_piston": true
							},
							"minecraft:conditional_bandwidth_optimization": {}
						}
					},
					{
						"key": "events",
						"is_minified": true,
						"children": {
							"minecraft:entity_spawned": {
								"sequence": [
									{
										"randomize": [
											{
												"weight": 36,
												"add": {
													"component_groups": [
														"minecraft:horse_adult",
														"minecraft:horse_wild"
													]
												}
											},
											{
												"weight": 9,
												"add": {
													"component_groups": [
														"minecraft:horse_baby"
													]
												}
											}
										]
									},
									{
										"randomize": [
											{
												"weight": 1,
												"add": {
													"component_groups": [
														"minecraft:base_white"
													]
												}
											},
											{
												"weight": 1,
												"add": {
													"component_groups": [
														"minecraft:base_creamy"
													]
												}
											},
											{
												"weight": 1,
												"add": {
													"component_groups": [
														"minecraft:base_chestnut"
													]
												}
											},
											{
												"weight": 1,
												"add": {
													"component_groups": [
														"minecraft:base_brown"
													]
												}
											},
											{
												"weight": 1,
												"add": {
													"component_groups": [
														"minecraft:base_black"
													]
												}
											},
											{
												"weight": 1,
												"add": {
													"component_groups": [
														"minecraft:base_gray"
													]
												}
											},
											{
												"weight": 1,
												"add": {
													"component_groups": [
														"minecraft:base_darkbrown"
													]
												}
											}
										]
									},
									{
										"randomize": [
											{
												"weight": 1,
												"add": {
													"component_groups": [
														"minecraft:markings_none"
													]
												}
											},
											{
												"weight": 1,
												"add": {
													"component_groups": [
														"minecraft:markings_white_details"
													]
												}
											},
											{
												"weight": 1,
												"add": {
													"component_groups": [
														"minecraft:markings_white_fields"
													]
												}
											},
											{
												"weight": 1,
												"add": {
													"component_groups": [
														"minecraft:markings_white_dots"
													]
												}
											},
											{
												"weight": 1,
												"add": {
													"component_groups": [
														"minecraft:markings_black_dots"
													]
												}
											}
										]
									}
								]
							},
							"minecraft:entity_born": {
								"add": {
									"component_groups": [
										"minecraft:horse_baby"
									]
								}
							},
							"minecraft:on_tame": {
								"remove": {
									"component_groups": [
										"minecraft:horse_wild"
									]
								},
								"add": {
									"component_groups": [
										"minecraft:horse_tamed"
									]
								}
							},
							"minecraft:ageable_grow_up": {
								"remove": {
									"component_groups": [
										"minecraft:horse_baby"
									]
								},
								"add": {
									"component_groups": [
										"minecraft:horse_adult",
										"minecraft:horse_wild"
									]
								}
							},
							"minecraft:horse_saddled": {
								"add": {
									"component_groups": [
										"minecraft:horse_saddled"
									]
								}
							},
							"minecraft:horse_unsaddled": {
								"remove": {
									"component_groups": [
										"minecraft:horse_saddled"
									]
								}
							},
							"minecraft:make_white": {
								"add": {
									"component_groups": [
										"minecraft:base_white"
									]
								}
							},
							"minecraft:make_creamy": {
								"add": {
									"component_groups": [
										"minecraft:base_creamy"
									]
								}
							},
							"minecraft:make_chestnut": {
								"add": {
									"component_groups": [
										"minecraft:base_chestnut"
									]
								}
							},
							"minecraft:make_brown": {
								"add": {
									"component_groups": [
										"minecraft:base_brown"
									]
								}
							},
							"minecraft:make_black": {
								"add": {
									"component_groups": [
										"minecraft:base_black"
									]
								}
							},
							"minecraft:make_gray": {
								"add": {
									"component_groups": [
										"minecraft:base_gray"
									]
								}
							},
							"minecraft:make_darkbrown": {
								"add": {
									"component_groups": [
										"minecraft:base_darkbrown"
									]
								}
							}
						}
					}
				]
			}
		]
	}
}