{
	"file_path": "C:\\Users\\LENOVO\\AppData\\Local\\Packages\\Microsoft.MinecraftUWP_8wekyb3d8bbwe\\LocalState\\games\\com.mojang\\development_behavior_packs\\2 Seat Horse\\entities\\skeleton_horse.json",
	"file_type": "entity",
	"format_version": 1,
	"file_uuid": "6d1d2d27_04b2_4b67_a2b7_99984b196c83",
	"file_version": 0,
	"cache_content": {
		"children": [
			{
				"data": "1.16.0",
				"key": "format_version"
			},
			{
				"open": {
					"format_version": "1.16.0",
					"minecraft:entity": {
						"description": {
							"identifier": "minecraft:skeleton_horse",
							"is_spawnable": true,
							"is_summonable": true,
							"is_experimental": false
						},
						"component_groups": {
							"minecraft:skeleton_horse_r5_upgrade": {
								"minecraft:rideable": {}
							},
							"minecraft:skeleton_horse_baby": {
								"minecraft:is_baby": {},
								"minecraft:scale_by_age": {
									"start_scale": 0.5,
									"end_scale": 1
								},
								"minecraft:ageable": {
									"duration": 1200,
									"grow_up": {
										"event": "minecraft:ageable_grow_up",
										"target": "self"
									}
								},
								"minecraft:behavior.follow_parent": {
									"priority": 4,
									"speed_multiplier": 1
								}
							},
							"minecraft:skeleton_horse_adult": {
								"minecraft:experience_reward": {
									"on_death": "query.last_hit_by_player ? Math.Random(1,3) : 0"
								},
								"minecraft:loot": {
									"table": "loot_tables/entities/skeleton_horse.json"
								},
								"minecraft:collision_box": {
									"width": 1.4,
									"height": 1.6
								},
								"minecraft:rideable": {
									"seat_count": 2,
									"family_types": [
										"player",
										"skeleton",
										"zombie"
									],
									"interact_text": "action.interact.ride.horse",
									"seats": [
										{
											"position": [
												0,
												1.2,
												-0.2
											],
											"max_rider_count": 1,
											"min_rider_count": 0
										},
										{
											"position": [
												0,
												1.2,
												0
											],
											"min_rider_count": 2,
											"max_rider_count": 2
										},
										{
											"position": [
												0,
												1.2,
												-0.6
											],
											"min_rider_count": 2,
											"max_rider_count": 2
										}
									]
								}
							},
							"minecraft:skeleton_trap": {
								"minecraft:behavior.skeleton_horse_trap": {
									"within_radius": 10,
									"duration": 900,
									"priority": 2
								}
							},
							"minecraft:lightning_immune": {
								"minecraft:damage_sensor": {
									"triggers": {
										"on_damage": {
											"filters": {
												"test": "is_family",
												"subject": "other",
												"value": "lightning"
											}
										},
										"deals_damage": false
									}
								}
							}
						},
						"components": {
							"minecraft:type_family": {
								"family": [
									"skeletonhorse",
									"undead",
									"mob"
								]
							},
							"minecraft:breathable": {
								"total_supply": 15,
								"suffocate_time": 0,
								"breathes_water": true
							},
							"minecraft:health": {
								"value": 15,
								"max": 15
							},
							"minecraft:hurt_on_condition": {
								"damage_conditions": [
									{
										"filters": {
											"test": "in_lava",
											"subject": "self",
											"operator": "==",
											"value": true
										},
										"cause": "lava",
										"damage_per_tick": 4
									}
								]
							},
							"minecraft:movement": {
								"value": 0.2
							},
							"minecraft:underwater_movement": {
								"value": 0.08
							},
							"minecraft:navigation.walk": {
								"is_amphibious": true,
								"avoid_water": true
							},
							"minecraft:movement.basic": {},
							"minecraft:jump.static": {},
							"minecraft:nameable": {},
							"minecraft:horse.jump_strength": {
								"value": {
									"range_min": 0.4,
									"range_max": 1
								}
							},
							"minecraft:leashable": {
								"soft_distance": 4,
								"hard_distance": 6,
								"max_distance": 10
							},
							"minecraft:rideable": {
								"seat_count": 2,
								"family_types": [
									"player",
									"skeleton",
									"zombie"
								],
								"interact_text": "action.interact.ride.horse",
								"seats": [
									{
										"position": [
											0,
											1.2,
											-0.2
										],
										"max_rider_count": 1,
										"min_rider_count": 0
									},
									{
										"position": [
											0,
											1.2,
											0
										],
										"min_rider_count": 2,
										"max_rider_count": 2
									},
									{
										"position": [
											0,
											1.2,
											-0.6
										],
										"min_rider_count": 2,
										"max_rider_count": 2
									}
								]
							},
							"minecraft:despawn": {
								"despawn_from_distance": {}
							},
							"minecraft:behavior.mount_pathing": {
								"priority": 2,
								"speed_multiplier": 1.5,
								"target_dist": 4,
								"track_target": true
							},
							"minecraft:behavior.player_ride_tamed": {},
							"minecraft:input_ground_controlled": {},
							"minecraft:can_power_jump": {},
							"minecraft:balloonable": {},
							"minecraft:behavior.panic": {
								"priority": 1,
								"speed_multiplier": 1.2
							},
							"minecraft:behavior.random_stroll": {
								"priority": 6,
								"speed_multiplier": 0.7
							},
							"minecraft:behavior.look_at_player": {
								"priority": 7,
								"look_distance": 6,
								"probability": 0.02
							},
							"minecraft:behavior.random_look_around": {
								"priority": 8
							},
							"minecraft:is_tamed": {},
							"minecraft:physics": {},
							"minecraft:pushable": {
								"is_pushable": true,
								"is_pushable_by_piston": true
							},
							"minecraft:conditional_bandwidth_optimization": {}
						},
						"events": {
							"minecraft:entity_spawned": {
								"randomize": [
									{
										"weight": 36,
										"add": {
											"component_groups": [
												"minecraft:skeleton_horse_adult"
											]
										}
									},
									{
										"weight": 9,
										"remove": {
											"component_groups": [
												"minecraft:skeleton_horse_r5_upgrade"
											]
										},
										"add": {
											"component_groups": [
												"minecraft:skeleton_horse_baby"
											]
										}
									}
								]
							},
							"minecraft:set_trap": {
								"add": {
									"component_groups": [
										"minecraft:skeleton_trap",
										"minecraft:lightning_immune"
									]
								}
							},
							"minecraft:spring_trap": {
								"add": {
									"component_groups": [
										"minecraft:skeleton_horse_adult",
										"minecraft:lightning_immune"
									]
								}
							}
						}
					}
				},
				"key": "minecraft:entity",
				"children": [
					{
						"key": "description",
						"is_minified": true,
						"children": {
							"identifier": "minecraft:skeleton_horse",
							"is_spawnable": true,
							"is_summonable": true,
							"is_experimental": false
						}
					},
					{
						"open": {
							"description": {
								"identifier": "minecraft:skeleton_horse",
								"is_spawnable": true,
								"is_summonable": true,
								"is_experimental": false
							},
							"component_groups": {
								"minecraft:skeleton_horse_r5_upgrade": {
									"minecraft:rideable": {}
								},
								"minecraft:skeleton_horse_baby": {
									"minecraft:is_baby": {},
									"minecraft:scale_by_age": {
										"start_scale": 0.5,
										"end_scale": 1
									},
									"minecraft:ageable": {
										"duration": 1200,
										"grow_up": {
											"event": "minecraft:ageable_grow_up",
											"target": "self"
										}
									},
									"minecraft:behavior.follow_parent": {
										"priority": 4,
										"speed_multiplier": 1
									}
								},
								"minecraft:skeleton_horse_adult": {
									"minecraft:experience_reward": {
										"on_death": "query.last_hit_by_player ? Math.Random(1,3) : 0"
									},
									"minecraft:loot": {
										"table": "loot_tables/entities/skeleton_horse.json"
									},
									"minecraft:collision_box": {
										"width": 1.4,
										"height": 1.6
									},
									"minecraft:rideable": {
										"seat_count": 2,
										"family_types": [
											"player",
											"skeleton",
											"zombie"
										],
										"interact_text": "action.interact.ride.horse",
										"seats": [
											{
												"position": [
													0,
													1.2,
													-0.2
												],
												"max_rider_count": 1,
												"min_rider_count": 0
											},
											{
												"position": [
													0,
													1.2,
													0
												],
												"min_rider_count": 2,
												"max_rider_count": 2
											},
											{
												"position": [
													0,
													1.2,
													-0.6
												],
												"min_rider_count": 2,
												"max_rider_count": 2
											}
										]
									}
								},
								"minecraft:skeleton_trap": {
									"minecraft:behavior.skeleton_horse_trap": {
										"within_radius": 10,
										"duration": 900,
										"priority": 2
									}
								},
								"minecraft:lightning_immune": {
									"minecraft:damage_sensor": {
										"triggers": {
											"on_damage": {
												"filters": {
													"test": "is_family",
													"subject": "other",
													"value": "lightning"
												}
											},
											"deals_damage": false
										}
									}
								}
							},
							"components": {
								"minecraft:type_family": {
									"family": [
										"skeletonhorse",
										"undead",
										"mob"
									]
								},
								"minecraft:breathable": {
									"total_supply": 15,
									"suffocate_time": 0,
									"breathes_water": true
								},
								"minecraft:health": {
									"value": 15,
									"max": 15
								},
								"minecraft:hurt_on_condition": {
									"damage_conditions": [
										{
											"filters": {
												"test": "in_lava",
												"subject": "self",
												"operator": "==",
												"value": true
											},
											"cause": "lava",
											"damage_per_tick": 4
										}
									]
								},
								"minecraft:movement": {
									"value": 0.2
								},
								"minecraft:underwater_movement": {
									"value": 0.08
								},
								"minecraft:navigation.walk": {
									"is_amphibious": true,
									"avoid_water": true
								},
								"minecraft:movement.basic": {},
								"minecraft:jump.static": {},
								"minecraft:nameable": {},
								"minecraft:horse.jump_strength": {
									"value": {
										"range_min": 0.4,
										"range_max": 1
									}
								},
								"minecraft:leashable": {
									"soft_distance": 4,
									"hard_distance": 6,
									"max_distance": 10
								},
								"minecraft:rideable": {
									"seat_count": 2,
									"family_types": [
										"player",
										"skeleton",
										"zombie"
									],
									"interact_text": "action.interact.ride.horse",
									"seats": [
										{
											"position": [
												0,
												1.2,
												-0.2
											],
											"max_rider_count": 1,
											"min_rider_count": 0
										},
										{
											"position": [
												0,
												1.2,
												0
											],
											"min_rider_count": 2,
											"max_rider_count": 2
										},
										{
											"position": [
												0,
												1.2,
												-0.6
											],
											"min_rider_count": 2,
											"max_rider_count": 2
										}
									]
								},
								"minecraft:despawn": {
									"despawn_from_distance": {}
								},
								"minecraft:behavior.mount_pathing": {
									"priority": 2,
									"speed_multiplier": 1.5,
									"target_dist": 4,
									"track_target": true
								},
								"minecraft:behavior.player_ride_tamed": {},
								"minecraft:input_ground_controlled": {},
								"minecraft:can_power_jump": {},
								"minecraft:balloonable": {},
								"minecraft:behavior.panic": {
									"priority": 1,
									"speed_multiplier": 1.2
								},
								"minecraft:behavior.random_stroll": {
									"priority": 6,
									"speed_multiplier": 0.7
								},
								"minecraft:behavior.look_at_player": {
									"priority": 7,
									"look_distance": 6,
									"probability": 0.02
								},
								"minecraft:behavior.random_look_around": {
									"priority": 8
								},
								"minecraft:is_tamed": {},
								"minecraft:physics": {},
								"minecraft:pushable": {
									"is_pushable": true,
									"is_pushable_by_piston": true
								},
								"minecraft:conditional_bandwidth_optimization": {}
							},
							"events": {
								"minecraft:entity_spawned": {
									"randomize": [
										{
											"weight": 36,
											"add": {
												"component_groups": [
													"minecraft:skeleton_horse_adult"
												]
											}
										},
										{
											"weight": 9,
											"remove": {
												"component_groups": [
													"minecraft:skeleton_horse_r5_upgrade"
												]
											},
											"add": {
												"component_groups": [
													"minecraft:skeleton_horse_baby"
												]
											}
										}
									]
								},
								"minecraft:set_trap": {
									"add": {
										"component_groups": [
											"minecraft:skeleton_trap",
											"minecraft:lightning_immune"
										]
									}
								},
								"minecraft:spring_trap": {
									"add": {
										"component_groups": [
											"minecraft:skeleton_horse_adult",
											"minecraft:lightning_immune"
										]
									}
								}
							}
						},
						"key": "component_groups",
						"children": [
							{
								"key": "minecraft:skeleton_horse_r5_upgrade",
								"is_minified": true,
								"children": {
									"minecraft:rideable": {}
								}
							},
							{
								"key": "minecraft:skeleton_horse_baby",
								"is_minified": true,
								"children": {
									"minecraft:is_baby": {},
									"minecraft:scale_by_age": {
										"start_scale": 0.5,
										"end_scale": 1
									},
									"minecraft:ageable": {
										"duration": 1200,
										"grow_up": {
											"event": "minecraft:ageable_grow_up",
											"target": "self"
										}
									},
									"minecraft:behavior.follow_parent": {
										"priority": 4,
										"speed_multiplier": 1
									}
								}
							},
							{
								"open": {
									"minecraft:skeleton_horse_r5_upgrade": {
										"minecraft:rideable": {}
									},
									"minecraft:skeleton_horse_baby": {
										"minecraft:is_baby": {},
										"minecraft:scale_by_age": {
											"start_scale": 0.5,
											"end_scale": 1
										},
										"minecraft:ageable": {
											"duration": 1200,
											"grow_up": {
												"event": "minecraft:ageable_grow_up",
												"target": "self"
											}
										},
										"minecraft:behavior.follow_parent": {
											"priority": 4,
											"speed_multiplier": 1
										}
									},
									"minecraft:skeleton_horse_adult": {
										"minecraft:experience_reward": {
											"on_death": "query.last_hit_by_player ? Math.Random(1,3) : 0"
										},
										"minecraft:loot": {
											"table": "loot_tables/entities/skeleton_horse.json"
										},
										"minecraft:collision_box": {
											"width": 1.4,
											"height": 1.6
										},
										"minecraft:rideable": {
											"seat_count": 2,
											"family_types": [
												"player",
												"skeleton",
												"zombie"
											],
											"interact_text": "action.interact.ride.horse",
											"seats": [
												{
													"position": [
														0,
														1.2,
														-0.2
													],
													"max_rider_count": 1,
													"min_rider_count": 0
												},
												{
													"position": [
														0,
														1.2,
														0
													],
													"min_rider_count": 2,
													"max_rider_count": 2
												},
												{
													"position": [
														0,
														1.2,
														-0.6
													],
													"min_rider_count": 2,
													"max_rider_count": 2
												}
											]
										}
									},
									"minecraft:skeleton_trap": {
										"minecraft:behavior.skeleton_horse_trap": {
											"within_radius": 10,
											"duration": 900,
											"priority": 2
										}
									},
									"minecraft:lightning_immune": {
										"minecraft:damage_sensor": {
											"triggers": {
												"on_damage": {
													"filters": {
														"test": "is_family",
														"subject": "other",
														"value": "lightning"
													}
												},
												"deals_damage": false
											}
										}
									}
								},
								"key": "minecraft:skeleton_horse_adult",
								"children": [
									{
										"key": "minecraft:experience_reward",
										"is_minified": true,
										"children": {
											"on_death": "query.last_hit_by_player ? Math.Random(1,3) : 0"
										}
									},
									{
										"key": "minecraft:loot",
										"is_minified": true,
										"children": {
											"table": "loot_tables/entities/skeleton_horse.json"
										}
									},
									{
										"key": "minecraft:collision_box",
										"is_minified": true,
										"children": {
											"width": 1.4,
											"height": 1.6
										}
									},
									{
										"open": {
											"minecraft:experience_reward": {
												"on_death": "query.last_hit_by_player ? Math.Random(1,3) : 0"
											},
											"minecraft:loot": {
												"table": "loot_tables/entities/skeleton_horse.json"
											},
											"minecraft:collision_box": {
												"width": 1.4,
												"height": 1.6
											},
											"minecraft:rideable": {
												"seat_count": 2,
												"family_types": [
													"player",
													"skeleton",
													"zombie"
												],
												"interact_text": "action.interact.ride.horse",
												"seats": [
													{
														"position": [
															0,
															1.2,
															-0.2
														],
														"max_rider_count": 1,
														"min_rider_count": 0
													},
													{
														"position": [
															0,
															1.2,
															0
														],
														"min_rider_count": 2,
														"max_rider_count": 2
													},
													{
														"position": [
															0,
															1.2,
															-0.6
														],
														"min_rider_count": 2,
														"max_rider_count": 2
													}
												]
											}
										},
										"key": "minecraft:rideable",
										"children": [
											{
												"open": {
													"seat_count": 2,
													"family_types": [
														"player",
														"skeleton",
														"zombie"
													],
													"interact_text": "action.interact.ride.horse",
													"seats": [
														{
															"position": [
																0,
																1.2,
																-0.2
															],
															"max_rider_count": 1,
															"min_rider_count": 0
														},
														{
															"position": [
																0,
																1.2,
																0
															],
															"min_rider_count": 2,
															"max_rider_count": 2
														},
														{
															"position": [
																0,
																1.2,
																-0.6
															],
															"min_rider_count": 2,
															"max_rider_count": 2
														}
													]
												},
												"data": "2",
												"key": "seat_count"
											},
											{
												"open": {
													"seat_count": 2,
													"family_types": [
														"player",
														"skeleton",
														"zombie"
													],
													"interact_text": "action.interact.ride.horse",
													"seats": [
														{
															"position": [
																0,
																1.2,
																-0.2
															],
															"max_rider_count": 1,
															"min_rider_count": 0
														},
														{
															"position": [
																0,
																1.2,
																0
															],
															"min_rider_count": 2,
															"max_rider_count": 2
														},
														{
															"position": [
																0,
																1.2,
																-0.6
															],
															"min_rider_count": 2,
															"max_rider_count": 2
														}
													]
												},
												"key": "family_types",
												"is_minified": true,
												"children": [
													"player",
													"skeleton",
													"zombie"
												]
											},
											{
												"data": "action.interact.ride.horse",
												"key": "interact_text"
											},
											{
												"open": {
													"seat_count": 2,
													"family_types": [
														"player",
														"skeleton",
														"zombie"
													],
													"interact_text": "action.interact.ride.horse",
													"seats": [
														{
															"position": [
																0,
																1.2,
																-0.2
															],
															"max_rider_count": 1,
															"min_rider_count": 0
														},
														{
															"position": [
																0,
																1.2,
																0
															],
															"min_rider_count": 2,
															"max_rider_count": 2
														},
														{
															"position": [
																0,
																1.2,
																-0.6
															],
															"min_rider_count": 2,
															"max_rider_count": 2
														}
													]
												},
												"key": "seats",
												"children": [
													{
														"open": [
															{
																"position": [
																	0,
																	1.2,
																	-0.2
																],
																"max_rider_count": 1,
																"min_rider_count": 0
															},
															{
																"position": [
																	0,
																	1.2,
																	0
																],
																"min_rider_count": 2,
																"max_rider_count": 2
															},
															{
																"position": [
																	0,
																	1.2,
																	-0.6
																],
																"min_rider_count": 2,
																"max_rider_count": 2
															}
														],
														"children": [
															{
																"open": {
																	"position": [
																		0,
																		1.2,
																		-0.2
																	],
																	"max_rider_count": 1,
																	"min_rider_count": 0
																},
																"key": "position",
																"is_minified": true,
																"children": [
																	0,
																	1.2,
																	-0.2
																]
															},
															{
																"data": "1",
																"key": "max_rider_count"
															},
															{
																"data": "0",
																"key": "min_rider_count"
															}
														]
													},
													{
														"open": [
															{
																"position": [
																	0,
																	1.2,
																	-0.2
																],
																"max_rider_count": 1,
																"min_rider_count": 0
															},
															{
																"position": [
																	0,
																	1.2,
																	0
																],
																"min_rider_count": 2,
																"max_rider_count": 2
															},
															{
																"position": [
																	0,
																	1.2,
																	-0.6
																],
																"min_rider_count": 2,
																"max_rider_count": 2
															}
														],
														"children": [
															{
																"open": {
																	"position": [
																		0,
																		1.2,
																		0
																	],
																	"min_rider_count": 2,
																	"max_rider_count": 2
																},
																"key": "position",
																"is_minified": true,
																"children": [
																	0,
																	1.2,
																	0
																]
															},
															{
																"data": "2",
																"key": "min_rider_count"
															},
															{
																"data": "2",
																"key": "max_rider_count"
															}
														]
													},
													{
														"open": [
															{
																"position": [
																	0,
																	1.2,
																	-0.2
																],
																"max_rider_count": 1,
																"min_rider_count": 0
															},
															{
																"position": [
																	0,
																	1.2,
																	0
																],
																"min_rider_count": 2,
																"max_rider_count": 2
															},
															{
																"position": [
																	0,
																	1.2,
																	-0.6
																],
																"min_rider_count": 2,
																"max_rider_count": 2
															}
														],
														"children": [
															{
																"open": {
																	"position": [
																		0,
																		1.2,
																		-0.6
																	],
																	"min_rider_count": 2,
																	"max_rider_count": 2
																},
																"key": "position",
																"is_minified": true,
																"children": [
																	0,
																	1.2,
																	-0.6
																]
															},
															{
																"data": "2",
																"key": "min_rider_count"
															},
															{
																"data": "2",
																"key": "max_rider_count"
															}
														]
													}
												]
											}
										]
									}
								]
							},
							{
								"key": "minecraft:skeleton_trap",
								"is_minified": true,
								"children": {
									"minecraft:behavior.skeleton_horse_trap": {
										"within_radius": 10,
										"duration": 900,
										"priority": 2
									}
								}
							},
							{
								"key": "minecraft:lightning_immune",
								"is_minified": true,
								"children": {
									"minecraft:damage_sensor": {
										"triggers": {
											"on_damage": {
												"filters": {
													"test": "is_family",
													"subject": "other",
													"value": "lightning"
												}
											},
											"deals_damage": false
										}
									}
								}
							}
						]
					},
					{
						"open": {
							"description": {
								"identifier": "minecraft:skeleton_horse",
								"is_spawnable": true,
								"is_summonable": true,
								"is_experimental": false
							},
							"component_groups": {
								"minecraft:skeleton_horse_r5_upgrade": {
									"minecraft:rideable": {}
								},
								"minecraft:skeleton_horse_baby": {
									"minecraft:is_baby": {},
									"minecraft:scale_by_age": {
										"start_scale": 0.5,
										"end_scale": 1
									},
									"minecraft:ageable": {
										"duration": 1200,
										"grow_up": {
											"event": "minecraft:ageable_grow_up",
											"target": "self"
										}
									},
									"minecraft:behavior.follow_parent": {
										"priority": 4,
										"speed_multiplier": 1
									}
								},
								"minecraft:skeleton_horse_adult": {
									"minecraft:experience_reward": {
										"on_death": "query.last_hit_by_player ? Math.Random(1,3) : 0"
									},
									"minecraft:loot": {
										"table": "loot_tables/entities/skeleton_horse.json"
									},
									"minecraft:collision_box": {
										"width": 1.4,
										"height": 1.6
									},
									"minecraft:rideable": {
										"seat_count": 2,
										"family_types": [
											"player",
											"skeleton",
											"zombie"
										],
										"interact_text": "action.interact.ride.horse",
										"seats": [
											{
												"position": [
													0,
													1.2,
													-0.2
												],
												"max_rider_count": 1,
												"min_rider_count": 0
											},
											{
												"position": [
													0,
													1.2,
													0
												],
												"min_rider_count": 2,
												"max_rider_count": 2
											},
											{
												"position": [
													0,
													1.2,
													-0.6
												],
												"min_rider_count": 2,
												"max_rider_count": 2
											}
										]
									}
								},
								"minecraft:skeleton_trap": {
									"minecraft:behavior.skeleton_horse_trap": {
										"within_radius": 10,
										"duration": 900,
										"priority": 2
									}
								},
								"minecraft:lightning_immune": {
									"minecraft:damage_sensor": {
										"triggers": {
											"on_damage": {
												"filters": {
													"test": "is_family",
													"subject": "other",
													"value": "lightning"
												}
											},
											"deals_damage": false
										}
									}
								}
							},
							"components": {
								"minecraft:type_family": {
									"family": [
										"skeletonhorse",
										"undead",
										"mob"
									]
								},
								"minecraft:breathable": {
									"total_supply": 15,
									"suffocate_time": 0,
									"breathes_water": true
								},
								"minecraft:health": {
									"value": 15,
									"max": 15
								},
								"minecraft:hurt_on_condition": {
									"damage_conditions": [
										{
											"filters": {
												"test": "in_lava",
												"subject": "self",
												"operator": "==",
												"value": true
											},
											"cause": "lava",
											"damage_per_tick": 4
										}
									]
								},
								"minecraft:movement": {
									"value": 0.2
								},
								"minecraft:underwater_movement": {
									"value": 0.08
								},
								"minecraft:navigation.walk": {
									"is_amphibious": true,
									"avoid_water": true
								},
								"minecraft:movement.basic": {},
								"minecraft:jump.static": {},
								"minecraft:nameable": {},
								"minecraft:horse.jump_strength": {
									"value": {
										"range_min": 0.4,
										"range_max": 1
									}
								},
								"minecraft:leashable": {
									"soft_distance": 4,
									"hard_distance": 6,
									"max_distance": 10
								},
								"minecraft:rideable": {
									"seat_count": 2,
									"family_types": [
										"player",
										"skeleton",
										"zombie"
									],
									"interact_text": "action.interact.ride.horse",
									"seats": [
										{
											"position": [
												0,
												1.2,
												-0.2
											],
											"max_rider_count": 1,
											"min_rider_count": 0
										},
										{
											"position": [
												0,
												1.2,
												0
											],
											"min_rider_count": 2,
											"max_rider_count": 2
										},
										{
											"position": [
												0,
												1.2,
												-0.6
											],
											"min_rider_count": 2,
											"max_rider_count": 2
										}
									]
								},
								"minecraft:despawn": {
									"despawn_from_distance": {}
								},
								"minecraft:behavior.mount_pathing": {
									"priority": 2,
									"speed_multiplier": 1.5,
									"target_dist": 4,
									"track_target": true
								},
								"minecraft:behavior.player_ride_tamed": {},
								"minecraft:input_ground_controlled": {},
								"minecraft:can_power_jump": {},
								"minecraft:balloonable": {},
								"minecraft:behavior.panic": {
									"priority": 1,
									"speed_multiplier": 1.2
								},
								"minecraft:behavior.random_stroll": {
									"priority": 6,
									"speed_multiplier": 0.7
								},
								"minecraft:behavior.look_at_player": {
									"priority": 7,
									"look_distance": 6,
									"probability": 0.02
								},
								"minecraft:behavior.random_look_around": {
									"priority": 8
								},
								"minecraft:is_tamed": {},
								"minecraft:physics": {},
								"minecraft:pushable": {
									"is_pushable": true,
									"is_pushable_by_piston": true
								},
								"minecraft:conditional_bandwidth_optimization": {}
							},
							"events": {
								"minecraft:entity_spawned": {
									"randomize": [
										{
											"weight": 36,
											"add": {
												"component_groups": [
													"minecraft:skeleton_horse_adult"
												]
											}
										},
										{
											"weight": 9,
											"remove": {
												"component_groups": [
													"minecraft:skeleton_horse_r5_upgrade"
												]
											},
											"add": {
												"component_groups": [
													"minecraft:skeleton_horse_baby"
												]
											}
										}
									]
								},
								"minecraft:set_trap": {
									"add": {
										"component_groups": [
											"minecraft:skeleton_trap",
											"minecraft:lightning_immune"
										]
									}
								},
								"minecraft:spring_trap": {
									"add": {
										"component_groups": [
											"minecraft:skeleton_horse_adult",
											"minecraft:lightning_immune"
										]
									}
								}
							}
						},
						"key": "components",
						"children": [
							{
								"key": "minecraft:type_family",
								"is_minified": true,
								"children": {
									"family": [
										"skeletonhorse",
										"undead",
										"mob"
									]
								}
							},
							{
								"key": "minecraft:breathable",
								"is_minified": true,
								"children": {
									"total_supply": 15,
									"suffocate_time": 0,
									"breathes_water": true
								}
							},
							{
								"key": "minecraft:health",
								"is_minified": true,
								"children": {
									"value": 15,
									"max": 15
								}
							},
							{
								"key": "minecraft:hurt_on_condition",
								"is_minified": true,
								"children": {
									"damage_conditions": [
										{
											"filters": {
												"test": "in_lava",
												"subject": "self",
												"operator": "==",
												"value": true
											},
											"cause": "lava",
											"damage_per_tick": 4
										}
									]
								}
							},
							{
								"key": "minecraft:movement",
								"is_minified": true,
								"children": {
									"value": 0.2
								}
							},
							{
								"key": "minecraft:underwater_movement",
								"is_minified": true,
								"children": {
									"value": 0.08
								}
							},
							{
								"key": "minecraft:navigation.walk",
								"is_minified": true,
								"children": {
									"is_amphibious": true,
									"avoid_water": true
								}
							},
							{
								"key": "minecraft:movement.basic",
								"is_minified": true,
								"children": {}
							},
							{
								"key": "minecraft:jump.static",
								"is_minified": true,
								"children": {}
							},
							{
								"key": "minecraft:nameable",
								"is_minified": true,
								"children": {}
							},
							{
								"key": "minecraft:horse.jump_strength",
								"is_minified": true,
								"children": {
									"value": {
										"range_min": 0.4,
										"range_max": 1
									}
								}
							},
							{
								"key": "minecraft:leashable",
								"is_minified": true,
								"children": {
									"soft_distance": 4,
									"hard_distance": 6,
									"max_distance": 10
								}
							},
							{
								"open": {
									"minecraft:type_family": {
										"family": [
											"skeletonhorse",
											"undead",
											"mob"
										]
									},
									"minecraft:breathable": {
										"total_supply": 15,
										"suffocate_time": 0,
										"breathes_water": true
									},
									"minecraft:health": {
										"value": 15,
										"max": 15
									},
									"minecraft:hurt_on_condition": {
										"damage_conditions": [
											{
												"filters": {
													"test": "in_lava",
													"subject": "self",
													"operator": "==",
													"value": true
												},
												"cause": "lava",
												"damage_per_tick": 4
											}
										]
									},
									"minecraft:movement": {
										"value": 0.2
									},
									"minecraft:underwater_movement": {
										"value": 0.08
									},
									"minecraft:navigation.walk": {
										"is_amphibious": true,
										"avoid_water": true
									},
									"minecraft:movement.basic": {},
									"minecraft:jump.static": {},
									"minecraft:nameable": {},
									"minecraft:horse.jump_strength": {
										"value": {
											"range_min": 0.4,
											"range_max": 1
										}
									},
									"minecraft:leashable": {
										"soft_distance": 4,
										"hard_distance": 6,
										"max_distance": 10
									},
									"minecraft:rideable": {
										"seat_count": 2,
										"family_types": [
											"player",
											"skeleton",
											"zombie"
										],
										"interact_text": "action.interact.ride.horse",
										"seats": [
											{
												"position": [
													0,
													1.2,
													-0.2
												],
												"max_rider_count": 1,
												"min_rider_count": 0
											},
											{
												"position": [
													0,
													1.2,
													0
												],
												"min_rider_count": 2,
												"max_rider_count": 2
											},
											{
												"position": [
													0,
													1.2,
													-0.6
												],
												"min_rider_count": 2,
												"max_rider_count": 2
											}
										]
									},
									"minecraft:despawn": {
										"despawn_from_distance": {}
									},
									"minecraft:behavior.mount_pathing": {
										"priority": 2,
										"speed_multiplier": 1.5,
										"target_dist": 4,
										"track_target": true
									},
									"minecraft:behavior.player_ride_tamed": {},
									"minecraft:input_ground_controlled": {},
									"minecraft:can_power_jump": {},
									"minecraft:balloonable": {},
									"minecraft:behavior.panic": {
										"priority": 1,
										"speed_multiplier": 1.2
									},
									"minecraft:behavior.random_stroll": {
										"priority": 6,
										"speed_multiplier": 0.7
									},
									"minecraft:behavior.look_at_player": {
										"priority": 7,
										"look_distance": 6,
										"probability": 0.02
									},
									"minecraft:behavior.random_look_around": {
										"priority": 8
									},
									"minecraft:is_tamed": {},
									"minecraft:physics": {},
									"minecraft:pushable": {
										"is_pushable": true,
										"is_pushable_by_piston": true
									},
									"minecraft:conditional_bandwidth_optimization": {}
								},
								"key": "minecraft:rideable",
								"children": [
									{
										"open": {
											"seat_count": 2,
											"family_types": [
												"player",
												"skeleton",
												"zombie"
											],
											"interact_text": "action.interact.ride.horse",
											"seats": [
												{
													"position": [
														0,
														1.2,
														-0.2
													],
													"max_rider_count": 1,
													"min_rider_count": 0
												},
												{
													"position": [
														0,
														1.2,
														0
													],
													"min_rider_count": 2,
													"max_rider_count": 2
												},
												{
													"position": [
														0,
														1.2,
														-0.6
													],
													"min_rider_count": 2,
													"max_rider_count": 2
												}
											]
										},
										"data": "2",
										"key": "seat_count"
									},
									{
										"open": {
											"seat_count": 2,
											"family_types": [
												"player",
												"skeleton",
												"zombie"
											],
											"interact_text": "action.interact.ride.horse",
											"seats": [
												{
													"position": [
														0,
														1.2,
														-0.2
													],
													"max_rider_count": 1,
													"min_rider_count": 0
												},
												{
													"position": [
														0,
														1.2,
														0
													],
													"min_rider_count": 2,
													"max_rider_count": 2
												},
												{
													"position": [
														0,
														1.2,
														-0.6
													],
													"min_rider_count": 2,
													"max_rider_count": 2
												}
											]
										},
										"key": "family_types",
										"is_minified": true,
										"children": [
											"player",
											"skeleton",
											"zombie"
										]
									},
									{
										"data": "action.interact.ride.horse",
										"key": "interact_text"
									},
									{
										"open": {
											"seat_count": 2,
											"family_types": [
												"player",
												"skeleton",
												"zombie"
											],
											"interact_text": "action.interact.ride.horse",
											"seats": [
												{
													"position": [
														0,
														1.2,
														-0.2
													],
													"max_rider_count": 1,
													"min_rider_count": 0
												},
												{
													"position": [
														0,
														1.2,
														0
													],
													"min_rider_count": 2,
													"max_rider_count": 2
												},
												{
													"position": [
														0,
														1.2,
														-0.6
													],
													"min_rider_count": 2,
													"max_rider_count": 2
												}
											]
										},
										"key": "seats",
										"children": [
											{
												"open": [
													{
														"position": [
															0,
															1.2,
															-0.2
														],
														"max_rider_count": 1,
														"min_rider_count": 0
													},
													{
														"position": [
															0,
															1.2,
															0
														],
														"min_rider_count": 2,
														"max_rider_count": 2
													},
													{
														"position": [
															0,
															1.2,
															-0.6
														],
														"min_rider_count": 2,
														"max_rider_count": 2
													}
												],
												"is_minified": true,
												"children": {
													"position": [
														0,
														1.2,
														-0.2
													],
													"max_rider_count": 1,
													"min_rider_count": 0
												}
											},
											{
												"open": [
													{
														"position": [
															0,
															1.2,
															-0.2
														],
														"max_rider_count": 1,
														"min_rider_count": 0
													},
													{
														"position": [
															0,
															1.2,
															0
														],
														"min_rider_count": 2,
														"max_rider_count": 2
													},
													{
														"position": [
															0,
															1.2,
															-0.6
														],
														"min_rider_count": 2,
														"max_rider_count": 2
													}
												],
												"is_minified": true,
												"children": {
													"position": [
														0,
														1.2,
														0
													],
													"min_rider_count": 2,
													"max_rider_count": 2
												}
											},
											{
												"open": [
													{
														"position": [
															0,
															1.2,
															-0.2
														],
														"max_rider_count": 1,
														"min_rider_count": 0
													},
													{
														"position": [
															0,
															1.2,
															0
														],
														"min_rider_count": 2,
														"max_rider_count": 2
													},
													{
														"position": [
															0,
															1.2,
															-0.6
														],
														"min_rider_count": 2,
														"max_rider_count": 2
													}
												],
												"is_minified": true,
												"children": {
													"position": [
														0,
														1.2,
														-0.6
													],
													"min_rider_count": 2,
													"max_rider_count": 2
												}
											}
										]
									}
								]
							},
							{
								"key": "minecraft:despawn",
								"is_minified": true,
								"children": {
									"despawn_from_distance": {}
								}
							},
							{
								"key": "minecraft:behavior.mount_pathing",
								"is_minified": true,
								"children": {
									"priority": 2,
									"speed_multiplier": 1.5,
									"target_dist": 4,
									"track_target": true
								}
							},
							{
								"key": "minecraft:behavior.player_ride_tamed",
								"is_minified": true,
								"children": {}
							},
							{
								"key": "minecraft:input_ground_controlled",
								"is_minified": true,
								"children": {}
							},
							{
								"key": "minecraft:can_power_jump",
								"is_minified": true,
								"children": {}
							},
							{
								"key": "minecraft:balloonable",
								"is_minified": true,
								"children": {}
							},
							{
								"key": "minecraft:behavior.panic",
								"is_minified": true,
								"children": {
									"priority": 1,
									"speed_multiplier": 1.2
								}
							},
							{
								"key": "minecraft:behavior.random_stroll",
								"is_minified": true,
								"children": {
									"priority": 6,
									"speed_multiplier": 0.7
								}
							},
							{
								"key": "minecraft:behavior.look_at_player",
								"is_minified": true,
								"children": {
									"priority": 7,
									"look_distance": 6,
									"probability": 0.02
								}
							},
							{
								"key": "minecraft:behavior.random_look_around",
								"is_minified": true,
								"children": {
									"priority": 8
								}
							},
							{
								"key": "minecraft:is_tamed",
								"is_minified": true,
								"children": {}
							},
							{
								"key": "minecraft:physics",
								"is_minified": true,
								"children": {}
							},
							{
								"key": "minecraft:pushable",
								"is_minified": true,
								"children": {
									"is_pushable": true,
									"is_pushable_by_piston": true
								}
							},
							{
								"key": "minecraft:conditional_bandwidth_optimization",
								"is_minified": true,
								"children": {}
							}
						]
					},
					{
						"key": "events",
						"is_minified": true,
						"children": {
							"minecraft:entity_spawned": {
								"randomize": [
									{
										"weight": 36,
										"add": {
											"component_groups": [
												"minecraft:skeleton_horse_adult"
											]
										}
									},
									{
										"weight": 9,
										"remove": {
											"component_groups": [
												"minecraft:skeleton_horse_r5_upgrade"
											]
										},
										"add": {
											"component_groups": [
												"minecraft:skeleton_horse_baby"
											]
										}
									}
								]
							},
							"minecraft:set_trap": {
								"add": {
									"component_groups": [
										"minecraft:skeleton_trap",
										"minecraft:lightning_immune"
									]
								}
							},
							"minecraft:spring_trap": {
								"add": {
									"component_groups": [
										"minecraft:skeleton_horse_adult",
										"minecraft:lightning_immune"
									]
								}
							}
						}
					}
				]
			}
		]
	}
}