{
  "format_version": "1.12",
  "minecraft:item": {
    "description": {
      "identifier": "venezuela:frescolita",
      "register_to_creative_menu": true
    },
    "components": {
      "minecraft:max_stack_size": 64,
      "minecraft:use_duration": 32,
      "minecraft:food": {
        "nutrition": 2,
        "nutritionalValue": "low",
        "saturation_modifier": "low",
        "can_always_eat": true,
        "is_meat": false,
        "effects": [
          {
            "name": "haste",
            "chance": 1.0,
            "duration": 480,
            "amplifier": 3
          }
        ]
      }
    }
  }
}