{
  "format_version": "1.8.0",
  "minecraft:entity": {
    "description": {
      "identifier": "npc:maduro",
      "is_spawnable": true,
      "is_summonable": true,
      "is_experimental": false
    },

    "components": {
      "minecraft:loot": {
        "table": "loot_tables/entities/maduro.json"
      },
      "minecraft:boss": {
        "should_darken_sky": true,
        "hud_range": 55,
        "name": "Maburro"
      },
      "minecraft:type_family": {
        "family": [ "villager", "mob" ]
      },
      "minecraft:damage_sensor": [
        {
        "cause": "any",
        "deals_damage": true
      }
      ],
      "minecraft:nameable": {
        "alwaysShow": true
      },
      "minecraft:behavior.hurt_by_target": {
        "priority": 2,
        "entity_types": {
          "filters": { "test": "is_family", "subject": "other", "operator": "!=", "value": "creeper" }
        }
      },
      "minecraft:attack": {
        "damage": {
          "range_min": 10,
          "range_max": 25
        }
      },
      "minecraft:behavior.melee_attack": {
        "priority": 1,
        "track_target": true
      },
      "minecraft:behavior.nearest_attackable_target": {
        "priority": 3,
        "must_reach": true,
        "must_see": true,

        "entity_types": [
          {
            "filters": {
                "all_of": [
                  { "test" :  "is_family", "subject" : "other", "value" :  "monster"},
                  { "test" :  "is_family", "subject" : "other", "operator": "!=", "value" :  "creeper"}
                ] 
            },
            "within_default": 10
          }
        ]
      },
      "minecraft:collision_box": {
        "width": 0.6,
        "height": 1.9
      },
      "minecraft:movement": {
        "value": 0.5
      },
      "minecraft:navigation.walk": {
        "can_path_over_water": true,
        "can_pass_doors": true,
        "can_open_doors": true,
        "avoid_water": true
      },
      "minecraft:movement.basic": {
      },
      "minecraft:jump.static": {
      },
      "minecraft:can_climb": {
      },
      "minecraft:behavior.float": {
        "priority": 0
      },
      "minecraft:behavior.panic": {
        "priority": 3,
        "speed_multiplier": 0.6
      },
      "minecraft:health": {
        "value": 600,
        "max": 600
      },
      "minecraft:behavior.avoid_mob_type": {
        "priority": 3,
        "entity_types": [
          {
            "filters": { 
                "any_of": [
                  { "test" : "is_family", "subject" : "other", "value" : "zombie"},
                  { "test" : "is_family", "subject" : "other", "value" : "zombie_villager"},
                  { "test" : "is_family", "subject" : "other", "value" : "zombie_pigman"},
                  { "test" : "is_family", "subject" : "other", "value" : "illager"},
                  { "test" : "is_family", "subject" : "other", "value" : "vex"}
                ]
            },
            "max_dist": 8,
            "walk_speed_multiplier": 0.6,
            "sprint_speed_multiplier": 0.6
          }
        ]
      },
      "minecraft:behavior.move_indoors": {
        "priority": 4,
        "speed_multiplier": 0.8
      },
      "minecraft:behavior.restrict_open_door": {
        "priority": 5
      },
      "minecraft:behavior.open_door": {
        "priority": 6,
        "close_door_after": true
      },
      "minecraft:behavior.random_stroll": {
        "priority": 11,
        "speed_multiplier": 0.6
      },
      "minecraft:behavior.move_towards_restriction": {
        "priority": 7,
        "speed_multiplier": 0.6
      },
      "minecraft:behavior.look_at_player": {
        "priority": 8,
        "look_distance": 8,
        "probability": 0.02
      },
      "minecraft:behavior.random_look_around": {
        "priority": 9
      },
      "minecraft:physics": {
      },
      "minecraft:pushable": {
        "is_pushable": true,
        "is_pushable_by_piston": true
      }
    },
    "events": {
      "minecraft:scheduled": {
        "add": {
          "component_groups": [
            "managed"
          ]
        }
      },
      "minecraft:entity_spawned": {
        "randomize": [
          {
            "weight": 10,
            "remove": {},
            "add": {
              "component_groups": [
                "minecraft:green"
              ]
            }
          }
        ]
      },
      "minecraft:start_despawn": {
        "add": {
          "component_groups": [
            "despawning"
          ]
        }
      },
      "minecraft:become_scared": {
        "add": {
          "component_groups": [
            "minecraft:scared"
          ]
        }
      },
      "minecraft:become_calm": {
        "remove": {
          "component_groups": [
            "minecraft:scared"
          ]
        }
      }
    }
  }
}
