{
    "pools": [
        {
            "rolls": 1,
            "entries": [
                {
                    "type": "item",
                    "name": "minecraft:spawn_egg",
                    "weight": 1,
                    "functions": [
                        {
                            "function": "set_actor_id",
                            "id": "muc:chest_driver"
                        }
                    ]
                }
            ]
        }
    ]
}